2026-03-10 19:58:25,396 - INFO - Anomaly Detection API started
2026-03-10 19:58:37,037 - INFO - SNS message received
2026-03-10 19:58:37,198 - INFO - SNS subscription confirmed
2026-03-10 20:04:40,625 - INFO - Health endpoint called
2026-03-10 20:04:48,885 - INFO - Root endpoint called
2026-03-10 20:05:33,779 - INFO - Baseline requested
2026-03-10 20:05:33,865 - INFO - No baseline found at s3://anomaly-detection-dp1-537124947012-us-east-1-anomaly/state/baseline.json, starting empty
2026-03-10 20:09:58,870 - INFO - SNS message received
2026-03-10 20:09:58,870 - INFO - Queueing processing for s3://anomaly-detection-dp1-537124947012-us-east-1-anomaly/raw/sensors_20260224T001051.csv
2026-03-10 20:09:58,871 - INFO - Processing started for s3://anomaly-detection-dp1-537124947012-us-east-1-anomaly/raw/sensors_20260224T001051.csv
2026-03-10 20:09:59,094 - INFO - Loaded 100 rows from raw/sensors_20260224T001051.csv with columns ['timestamp', 'temperature', 'humidity', 'pressure', 'wind_speed']
2026-03-10 20:09:59,162 - INFO - No baseline found at s3://anomaly-detection-dp1-537124947012-us-east-1-anomaly/state/baseline.json, starting empty
2026-03-10 20:09:59,163 - INFO - Baseline loaded successfully
2026-03-10 20:09:59,239 - INFO - Baseline updated for channel temperature with 100 new values
2026-03-10 20:09:59,239 - INFO - Updated baseline for column temperature with 100 values
2026-03-10 20:09:59,239 - INFO - Baseline updated for channel humidity with 100 new values
2026-03-10 20:09:59,239 - INFO - Updated baseline for column humidity with 100 values
2026-03-10 20:09:59,239 - INFO - Baseline updated for channel pressure with 100 new values
2026-03-10 20:09:59,239 - INFO - Updated baseline for column pressure with 100 values
2026-03-10 20:09:59,240 - INFO - Baseline updated for channel wind_speed with 100 new values
2026-03-10 20:09:59,240 - INFO - Updated baseline for column wind_speed with 100 values
2026-03-10 20:09:59,243 - INFO - Z-score calculation completed successfully
2026-03-10 20:09:59,248 - INFO - Z-score flags created for column temperature
2026-03-10 20:09:59,248 - INFO - Z-score calculation completed successfully
2026-03-10 20:09:59,248 - INFO - Z-score flags created for column humidity
2026-03-10 20:09:59,249 - INFO - Z-score calculation completed successfully
2026-03-10 20:09:59,249 - INFO - Z-score flags created for column pressure
2026-03-10 20:09:59,250 - INFO - Z-score calculation completed successfully
2026-03-10 20:09:59,250 - INFO - Z-score flags created for column wind_speed
2026-03-10 20:09:59,431 - INFO - Isolation Forest completed successfully
2026-03-10 20:09:59,432 - INFO - Isolation Forest fields added to result
2026-03-10 20:09:59,434 - INFO - Final anomaly flag created
2026-03-10 20:09:59,434 - INFO - Anomaly detection completed successfully
2026-03-10 20:09:59,503 - INFO - Processed CSV written to s3://anomaly-detection-dp1-537124947012-us-east-1-anomaly/processed/sensors_20260224T001051.csv
2026-03-10 20:09:59,542 - INFO - Baseline saved to s3://anomaly-detection-dp1-537124947012-us-east-1-anomaly/state/baseline.json
2026-03-10 20:09:59,542 - INFO - Baseline saved successfully
2026-03-10 20:09:59,573 - INFO - Summary JSON written to s3://anomaly-detection-dp1-537124947012-us-east-1-anomaly/processed/sensors_20260224T001051_summary.json
2026-03-10 20:09:59,573 - INFO - Processing finished for raw/sensors_20260224T001051.csv: 6/100 anomalies flagged
2026-03-10 20:12:24,784 - INFO - Baseline requested
2026-03-10 20:12:24,925 - INFO - Baseline loaded from s3://anomaly-detection-dp1-537124947012-us-east-1-anomaly/state/baseline.json
2026-03-10 20:17:35,779 - INFO - SNS message received
2026-03-10 20:17:35,779 - INFO - Queueing processing for s3://anomaly-detection-dp1-537124947012-us-east-1-anomaly/raw/sensors_20260310T201734.csv
2026-03-10 20:17:35,780 - INFO - Processing started for s3://anomaly-detection-dp1-537124947012-us-east-1-anomaly/raw/sensors_20260310T201734.csv
2026-03-10 20:17:35,857 - INFO - Loaded 100 rows from raw/sensors_20260310T201734.csv with columns ['timestamp', 'temperature', 'humidity', 'pressure', 'wind_speed']
2026-03-10 20:17:36,007 - INFO - Baseline loaded from s3://anomaly-detection-dp1-537124947012-us-east-1-anomaly/state/baseline.json
2026-03-10 20:17:36,007 - INFO - Baseline loaded successfully
2026-03-10 20:17:36,008 - INFO - Baseline updated for channel temperature with 100 new values
2026-03-10 20:17:36,008 - INFO - Updated baseline for column temperature with 100 values
2026-03-10 20:17:36,008 - INFO - Baseline updated for channel humidity with 100 new values
2026-03-10 20:17:36,008 - INFO - Updated baseline for column humidity with 100 values
2026-03-10 20:17:36,009 - INFO - Baseline updated for channel pressure with 100 new values
2026-03-10 20:17:36,009 - INFO - Updated baseline for column pressure with 100 values
2026-03-10 20:17:36,009 - INFO - Baseline updated for channel wind_speed with 100 new values
2026-03-10 20:17:36,009 - INFO - Updated baseline for column wind_speed with 100 values
2026-03-10 20:17:36,009 - INFO - Z-score calculation completed successfully
2026-03-10 20:17:36,010 - INFO - Z-score flags created for column temperature
2026-03-10 20:17:36,010 - INFO - Z-score calculation completed successfully
2026-03-10 20:17:36,011 - INFO - Z-score flags created for column humidity
2026-03-10 20:17:36,011 - INFO - Z-score calculation completed successfully
2026-03-10 20:17:36,012 - INFO - Z-score flags created for column pressure
2026-03-10 20:17:36,012 - INFO - Z-score calculation completed successfully
2026-03-10 20:17:36,012 - INFO - Z-score flags created for column wind_speed
2026-03-10 20:17:36,182 - INFO - Isolation Forest completed successfully
2026-03-10 20:17:36,183 - INFO - Isolation Forest fields added to result
2026-03-10 20:17:36,184 - INFO - Final anomaly flag created
2026-03-10 20:17:36,185 - INFO - Anomaly detection completed successfully
2026-03-10 20:17:36,214 - INFO - Processed CSV written to s3://anomaly-detection-dp1-537124947012-us-east-1-anomaly/processed/sensors_20260310T201734.csv
2026-03-10 20:17:36,268 - INFO - Baseline saved to s3://anomaly-detection-dp1-537124947012-us-east-1-anomaly/state/baseline.json
2026-03-10 20:17:36,269 - INFO - Baseline saved successfully
2026-03-10 20:17:36,296 - INFO - Summary JSON written to s3://anomaly-detection-dp1-537124947012-us-east-1-anomaly/processed/sensors_20260310T201734_summary.json
2026-03-10 20:17:36,296 - INFO - Processing finished for raw/sensors_20260310T201734.csv: 5/100 anomalies flagged
2026-03-10 20:17:51,983 - INFO - Anomaly summary requested
2026-03-10 20:17:52,056 - INFO - Baseline loaded from s3://anomaly-detection-dp1-537124947012-us-east-1-anomaly/state/baseline.json
2026-03-10 20:18:36,218 - INFO - SNS message received
2026-03-10 20:18:36,218 - INFO - Queueing processing for s3://anomaly-detection-dp1-537124947012-us-east-1-anomaly/raw/sensors_20260310T201834.csv
2026-03-10 20:18:36,219 - INFO - Processing started for s3://anomaly-detection-dp1-537124947012-us-east-1-anomaly/raw/sensors_20260310T201834.csv
2026-03-10 20:18:36,294 - INFO - Loaded 100 rows from raw/sensors_20260310T201834.csv with columns ['timestamp', 'temperature', 'humidity', 'pressure', 'wind_speed']
2026-03-10 20:18:36,365 - INFO - Baseline loaded from s3://anomaly-detection-dp1-537124947012-us-east-1-anomaly/state/baseline.json
2026-03-10 20:18:36,365 - INFO - Baseline loaded successfully
2026-03-10 20:18:36,366 - INFO - Baseline updated for channel temperature with 100 new values
2026-03-10 20:18:36,366 - INFO - Updated baseline for column temperature with 100 values
2026-03-10 20:18:36,366 - INFO - Baseline updated for channel humidity with 100 new values
2026-03-10 20:18:36,366 - INFO - Updated baseline for column humidity with 100 values
2026-03-10 20:18:36,366 - INFO - Baseline updated for channel pressure with 100 new values
2026-03-10 20:18:36,366 - INFO - Updated baseline for column pressure with 100 values
2026-03-10 20:18:36,366 - INFO - Baseline updated for channel wind_speed with 100 new values
2026-03-10 20:18:36,367 - INFO - Updated baseline for column wind_speed with 100 values
2026-03-10 20:18:36,367 - INFO - Z-score calculation completed successfully
2026-03-10 20:18:36,368 - INFO - Z-score flags created for column temperature
2026-03-10 20:18:36,368 - INFO - Z-score calculation completed successfully
2026-03-10 20:18:36,369 - INFO - Z-score flags created for column humidity
2026-03-10 20:18:36,369 - INFO - Z-score calculation completed successfully
2026-03-10 20:18:36,369 - INFO - Z-score flags created for column pressure
2026-03-10 20:18:36,370 - INFO - Z-score calculation completed successfully
2026-03-10 20:18:36,370 - INFO - Z-score flags created for column wind_speed
2026-03-10 20:18:36,537 - INFO - Isolation Forest completed successfully
2026-03-10 20:18:36,538 - INFO - Isolation Forest fields added to result
2026-03-10 20:18:36,540 - INFO - Final anomaly flag created
2026-03-10 20:18:36,540 - INFO - Anomaly detection completed successfully
2026-03-10 20:18:36,569 - INFO - Processed CSV written to s3://anomaly-detection-dp1-537124947012-us-east-1-anomaly/processed/sensors_20260310T201834.csv
2026-03-10 20:18:36,601 - INFO - Baseline saved to s3://anomaly-detection-dp1-537124947012-us-east-1-anomaly/state/baseline.json
2026-03-10 20:18:36,602 - INFO - Baseline saved successfully
2026-03-10 20:18:36,635 - INFO - Summary JSON written to s3://anomaly-detection-dp1-537124947012-us-east-1-anomaly/processed/sensors_20260310T201834_summary.json
2026-03-10 20:18:36,635 - INFO - Processing finished for raw/sensors_20260310T201834.csv: 5/100 anomalies flagged
2026-03-10 20:19:36,590 - INFO - SNS message received
2026-03-10 20:19:36,591 - INFO - Queueing processing for s3://anomaly-detection-dp1-537124947012-us-east-1-anomaly/raw/sensors_20260310T201935.csv
2026-03-10 20:19:36,592 - INFO - Processing started for s3://anomaly-detection-dp1-537124947012-us-east-1-anomaly/raw/sensors_20260310T201935.csv
2026-03-10 20:19:36,669 - INFO - Loaded 100 rows from raw/sensors_20260310T201935.csv with columns ['timestamp', 'temperature', 'humidity', 'pressure', 'wind_speed']
2026-03-10 20:19:36,740 - INFO - Baseline loaded from s3://anomaly-detection-dp1-537124947012-us-east-1-anomaly/state/baseline.json
2026-03-10 20:19:36,740 - INFO - Baseline loaded successfully
2026-03-10 20:19:36,741 - INFO - Baseline updated for channel temperature with 100 new values
2026-03-10 20:19:36,741 - INFO - Updated baseline for column temperature with 100 values
2026-03-10 20:19:36,741 - INFO - Baseline updated for channel humidity with 100 new values
2026-03-10 20:19:36,741 - INFO - Updated baseline for column humidity with 100 values
2026-03-10 20:19:36,741 - INFO - Baseline updated for channel pressure with 100 new values
2026-03-10 20:19:36,741 - INFO - Updated baseline for column pressure with 100 values
2026-03-10 20:19:36,742 - INFO - Baseline updated for channel wind_speed with 100 new values
2026-03-10 20:19:36,742 - INFO - Updated baseline for column wind_speed with 100 values
2026-03-10 20:19:36,742 - INFO - Z-score calculation completed successfully
2026-03-10 20:19:36,743 - INFO - Z-score flags created for column temperature
2026-03-10 20:19:36,743 - INFO - Z-score calculation completed successfully
2026-03-10 20:19:36,744 - INFO - Z-score flags created for column humidity
2026-03-10 20:19:36,744 - INFO - Z-score calculation completed successfully
2026-03-10 20:19:36,744 - INFO - Z-score flags created for column pressure
2026-03-10 20:19:36,745 - INFO - Z-score calculation completed successfully
2026-03-10 20:19:36,745 - INFO - Z-score flags created for column wind_speed
2026-03-10 20:19:36,914 - INFO - Isolation Forest completed successfully
2026-03-10 20:19:36,915 - INFO - Isolation Forest fields added to result
2026-03-10 20:19:36,917 - INFO - Final anomaly flag created
2026-03-10 20:19:36,917 - INFO - Anomaly detection completed successfully
2026-03-10 20:19:36,970 - INFO - Processed CSV written to s3://anomaly-detection-dp1-537124947012-us-east-1-anomaly/processed/sensors_20260310T201935.csv
2026-03-10 20:19:37,001 - INFO - Baseline saved to s3://anomaly-detection-dp1-537124947012-us-east-1-anomaly/state/baseline.json
2026-03-10 20:19:37,001 - INFO - Baseline saved successfully
2026-03-10 20:19:37,027 - INFO - Summary JSON written to s3://anomaly-detection-dp1-537124947012-us-east-1-anomaly/processed/sensors_20260310T201935_summary.json
2026-03-10 20:19:37,027 - INFO - Processing finished for raw/sensors_20260310T201935.csv: 7/100 anomalies flagged
2026-03-10 20:20:36,332 - INFO - SNS message received
2026-03-10 20:20:36,332 - INFO - Queueing processing for s3://anomaly-detection-dp1-537124947012-us-east-1-anomaly/raw/sensors_20260310T202035.csv
2026-03-10 20:20:36,334 - INFO - Processing started for s3://anomaly-detection-dp1-537124947012-us-east-1-anomaly/raw/sensors_20260310T202035.csv
2026-03-10 20:20:36,407 - INFO - Loaded 100 rows from raw/sensors_20260310T202035.csv with columns ['timestamp', 'temperature', 'humidity', 'pressure', 'wind_speed']
2026-03-10 20:20:36,485 - INFO - Baseline loaded from s3://anomaly-detection-dp1-537124947012-us-east-1-anomaly/state/baseline.json
2026-03-10 20:20:36,485 - INFO - Baseline loaded successfully
2026-03-10 20:20:36,486 - INFO - Baseline updated for channel temperature with 100 new values
2026-03-10 20:20:36,486 - INFO - Updated baseline for column temperature with 100 values
2026-03-10 20:20:36,486 - INFO - Baseline updated for channel humidity with 100 new values
2026-03-10 20:20:36,486 - INFO - Updated baseline for column humidity with 100 values
2026-03-10 20:20:36,486 - INFO - Baseline updated for channel pressure with 100 new values
2026-03-10 20:20:36,486 - INFO - Updated baseline for column pressure with 100 values
2026-03-10 20:20:36,486 - INFO - Baseline updated for channel wind_speed with 100 new values
2026-03-10 20:20:36,487 - INFO - Updated baseline for column wind_speed with 100 values
2026-03-10 20:20:36,487 - INFO - Z-score calculation completed successfully
2026-03-10 20:20:36,488 - INFO - Z-score flags created for column temperature
2026-03-10 20:20:36,488 - INFO - Z-score calculation completed successfully
2026-03-10 20:20:36,489 - INFO - Z-score flags created for column humidity
2026-03-10 20:20:36,489 - INFO - Z-score calculation completed successfully
2026-03-10 20:20:36,489 - INFO - Z-score flags created for column pressure
2026-03-10 20:20:36,490 - INFO - Z-score calculation completed successfully
2026-03-10 20:20:36,490 - INFO - Z-score flags created for column wind_speed
2026-03-10 20:20:36,658 - INFO - Isolation Forest completed successfully
2026-03-10 20:20:36,659 - INFO - Isolation Forest fields added to result
2026-03-10 20:20:36,661 - INFO - Final anomaly flag created
2026-03-10 20:20:36,661 - INFO - Anomaly detection completed successfully
2026-03-10 20:20:36,694 - INFO - Processed CSV written to s3://anomaly-detection-dp1-537124947012-us-east-1-anomaly/processed/sensors_20260310T202035.csv
2026-03-10 20:20:36,726 - INFO - Baseline saved to s3://anomaly-detection-dp1-537124947012-us-east-1-anomaly/state/baseline.json
2026-03-10 20:20:36,726 - INFO - Baseline saved successfully
2026-03-10 20:20:36,757 - INFO - Summary JSON written to s3://anomaly-detection-dp1-537124947012-us-east-1-anomaly/processed/sensors_20260310T202035_summary.json
2026-03-10 20:20:36,757 - INFO - Processing finished for raw/sensors_20260310T202035.csv: 5/100 anomalies flagged
2026-03-10 20:21:36,844 - INFO - SNS message received
2026-03-10 20:21:36,844 - INFO - Queueing processing for s3://anomaly-detection-dp1-537124947012-us-east-1-anomaly/raw/sensors_20260310T202135.csv
2026-03-10 20:21:36,845 - INFO - Processing started for s3://anomaly-detection-dp1-537124947012-us-east-1-anomaly/raw/sensors_20260310T202135.csv
2026-03-10 20:21:36,915 - INFO - Loaded 100 rows from raw/sensors_20260310T202135.csv with columns ['timestamp', 'temperature', 'humidity', 'pressure', 'wind_speed']
2026-03-10 20:21:37,059 - INFO - Baseline loaded from s3://anomaly-detection-dp1-537124947012-us-east-1-anomaly/state/baseline.json
2026-03-10 20:21:37,059 - INFO - Baseline loaded successfully
2026-03-10 20:21:37,059 - INFO - Baseline updated for channel temperature with 100 new values
2026-03-10 20:21:37,060 - INFO - Updated baseline for column temperature with 100 values
2026-03-10 20:21:37,060 - INFO - Baseline updated for channel humidity with 100 new values
2026-03-10 20:21:37,060 - INFO - Updated baseline for column humidity with 100 values
2026-03-10 20:21:37,060 - INFO - Baseline updated for channel pressure with 100 new values
2026-03-10 20:21:37,060 - INFO - Updated baseline for column pressure with 100 values
2026-03-10 20:21:37,060 - INFO - Baseline updated for channel wind_speed with 100 new values
2026-03-10 20:21:37,060 - INFO - Updated baseline for column wind_speed with 100 values
2026-03-10 20:21:37,061 - INFO - Z-score calculation completed successfully
2026-03-10 20:21:37,062 - INFO - Z-score flags created for column temperature
2026-03-10 20:21:37,062 - INFO - Z-score calculation completed successfully
2026-03-10 20:21:37,062 - INFO - Z-score flags created for column humidity
2026-03-10 20:21:37,063 - INFO - Z-score calculation completed successfully
2026-03-10 20:21:37,063 - INFO - Z-score flags created for column pressure
2026-03-10 20:21:37,063 - INFO - Z-score calculation completed successfully
2026-03-10 20:21:37,064 - INFO - Z-score flags created for column wind_speed
2026-03-10 20:21:37,232 - INFO - Isolation Forest completed successfully
2026-03-10 20:21:37,233 - INFO - Isolation Forest fields added to result
2026-03-10 20:21:37,235 - INFO - Final anomaly flag created
2026-03-10 20:21:37,235 - INFO - Anomaly detection completed successfully
2026-03-10 20:21:37,271 - INFO - Processed CSV written to s3://anomaly-detection-dp1-537124947012-us-east-1-anomaly/processed/sensors_20260310T202135.csv
2026-03-10 20:21:37,300 - INFO - Baseline saved to s3://anomaly-detection-dp1-537124947012-us-east-1-anomaly/state/baseline.json
2026-03-10 20:21:37,300 - INFO - Baseline saved successfully
2026-03-10 20:21:37,328 - INFO - Summary JSON written to s3://anomaly-detection-dp1-537124947012-us-east-1-anomaly/processed/sensors_20260310T202135_summary.json
2026-03-10 20:21:37,328 - INFO - Processing finished for raw/sensors_20260310T202135.csv: 5/100 anomalies flagged
2026-03-10 20:22:32,643 - INFO - Anomaly summary requested
2026-03-10 20:22:32,715 - INFO - Baseline loaded from s3://anomaly-detection-dp1-537124947012-us-east-1-anomaly/state/baseline.json
2026-03-10 20:22:36,597 - INFO - SNS message received
2026-03-10 20:22:36,597 - INFO - Queueing processing for s3://anomaly-detection-dp1-537124947012-us-east-1-anomaly/raw/sensors_20260310T202235.csv
2026-03-10 20:22:36,599 - INFO - Processing started for s3://anomaly-detection-dp1-537124947012-us-east-1-anomaly/raw/sensors_20260310T202235.csv
2026-03-10 20:22:36,671 - INFO - Loaded 100 rows from raw/sensors_20260310T202235.csv with columns ['timestamp', 'temperature', 'humidity', 'pressure', 'wind_speed']
2026-03-10 20:22:36,698 - INFO - Baseline loaded from s3://anomaly-detection-dp1-537124947012-us-east-1-anomaly/state/baseline.json
2026-03-10 20:22:36,698 - INFO - Baseline loaded successfully
2026-03-10 20:22:36,698 - INFO - Baseline updated for channel temperature with 100 new values
2026-03-10 20:22:36,698 - INFO - Updated baseline for column temperature with 100 values
2026-03-10 20:22:36,699 - INFO - Baseline updated for channel humidity with 100 new values
2026-03-10 20:22:36,699 - INFO - Updated baseline for column humidity with 100 values
2026-03-10 20:22:36,699 - INFO - Baseline updated for channel pressure with 100 new values
2026-03-10 20:22:36,699 - INFO - Updated baseline for column pressure with 100 values
2026-03-10 20:22:36,699 - INFO - Baseline updated for channel wind_speed with 100 new values
2026-03-10 20:22:36,699 - INFO - Updated baseline for column wind_speed with 100 values
2026-03-10 20:22:36,700 - INFO - Z-score calculation completed successfully
2026-03-10 20:22:36,700 - INFO - Z-score flags created for column temperature
2026-03-10 20:22:36,701 - INFO - Z-score calculation completed successfully
2026-03-10 20:22:36,701 - INFO - Z-score flags created for column humidity
2026-03-10 20:22:36,701 - INFO - Z-score calculation completed successfully
2026-03-10 20:22:36,702 - INFO - Z-score flags created for column pressure
2026-03-10 20:22:36,702 - INFO - Z-score calculation completed successfully
2026-03-10 20:22:36,703 - INFO - Z-score flags created for column wind_speed
2026-03-10 20:22:36,871 - INFO - Isolation Forest completed successfully
2026-03-10 20:22:36,872 - INFO - Isolation Forest fields added to result
2026-03-10 20:22:36,874 - INFO - Final anomaly flag created
2026-03-10 20:22:36,874 - INFO - Anomaly detection completed successfully
2026-03-10 20:22:36,910 - INFO - Processed CSV written to s3://anomaly-detection-dp1-537124947012-us-east-1-anomaly/processed/sensors_20260310T202235.csv
2026-03-10 20:22:36,937 - INFO - Baseline saved to s3://anomaly-detection-dp1-537124947012-us-east-1-anomaly/state/baseline.json
2026-03-10 20:22:36,937 - INFO - Baseline saved successfully
2026-03-10 20:22:36,966 - INFO - Summary JSON written to s3://anomaly-detection-dp1-537124947012-us-east-1-anomaly/processed/sensors_20260310T202235_summary.json
2026-03-10 20:22:36,966 - INFO - Processing finished for raw/sensors_20260310T202235.csv: 5/100 anomalies flagged
2026-03-10 20:22:44,572 - INFO - Baseline requested
2026-03-10 20:22:44,651 - INFO - Baseline loaded from s3://anomaly-detection-dp1-537124947012-us-east-1-anomaly/state/baseline.json
2026-03-10 20:23:36,946 - INFO - SNS message received
2026-03-10 20:23:36,946 - INFO - Queueing processing for s3://anomaly-detection-dp1-537124947012-us-east-1-anomaly/raw/sensors_20260310T202336.csv
2026-03-10 20:23:36,947 - INFO - Processing started for s3://anomaly-detection-dp1-537124947012-us-east-1-anomaly/raw/sensors_20260310T202336.csv
2026-03-10 20:23:37,017 - INFO - Loaded 100 rows from raw/sensors_20260310T202336.csv with columns ['timestamp', 'temperature', 'humidity', 'pressure', 'wind_speed']
2026-03-10 20:23:37,082 - INFO - Baseline loaded from s3://anomaly-detection-dp1-537124947012-us-east-1-anomaly/state/baseline.json
2026-03-10 20:23:37,082 - INFO - Baseline loaded successfully
2026-03-10 20:23:37,083 - INFO - Baseline updated for channel temperature with 100 new values
2026-03-10 20:23:37,083 - INFO - Updated baseline for column temperature with 100 values
2026-03-10 20:23:37,083 - INFO - Baseline updated for channel humidity with 100 new values
2026-03-10 20:23:37,083 - INFO - Updated baseline for column humidity with 100 values
2026-03-10 20:23:37,083 - INFO - Baseline updated for channel pressure with 100 new values
2026-03-10 20:23:37,083 - INFO - Updated baseline for column pressure with 100 values
2026-03-10 20:23:37,084 - INFO - Baseline updated for channel wind_speed with 100 new values
2026-03-10 20:23:37,084 - INFO - Updated baseline for column wind_speed with 100 values
2026-03-10 20:23:37,084 - INFO - Z-score calculation completed successfully
2026-03-10 20:23:37,085 - INFO - Z-score flags created for column temperature
2026-03-10 20:23:37,085 - INFO - Z-score calculation completed successfully
2026-03-10 20:23:37,086 - INFO - Z-score flags created for column humidity
2026-03-10 20:23:37,086 - INFO - Z-score calculation completed successfully
2026-03-10 20:23:37,086 - INFO - Z-score flags created for column pressure
2026-03-10 20:23:37,087 - INFO - Z-score calculation completed successfully
2026-03-10 20:23:37,087 - INFO - Z-score flags created for column wind_speed
2026-03-10 20:23:37,254 - INFO - Isolation Forest completed successfully
2026-03-10 20:23:37,255 - INFO - Isolation Forest fields added to result
2026-03-10 20:23:37,257 - INFO - Final anomaly flag created
2026-03-10 20:23:37,257 - INFO - Anomaly detection completed successfully
2026-03-10 20:23:37,289 - INFO - Processed CSV written to s3://anomaly-detection-dp1-537124947012-us-east-1-anomaly/processed/sensors_20260310T202336.csv
2026-03-10 20:23:37,362 - INFO - Baseline saved to s3://anomaly-detection-dp1-537124947012-us-east-1-anomaly/state/baseline.json
2026-03-10 20:23:37,362 - INFO - Baseline saved successfully
2026-03-10 20:23:37,388 - INFO - Summary JSON written to s3://anomaly-detection-dp1-537124947012-us-east-1-anomaly/processed/sensors_20260310T202336_summary.json
2026-03-10 20:23:37,388 - INFO - Processing finished for raw/sensors_20260310T202336.csv: 6/100 anomalies flagged
2026-03-10 20:24:37,448 - INFO - SNS message received
2026-03-10 20:24:37,448 - INFO - Queueing processing for s3://anomaly-detection-dp1-537124947012-us-east-1-anomaly/raw/sensors_20260310T202436.csv
2026-03-10 20:24:37,449 - INFO - Processing started for s3://anomaly-detection-dp1-537124947012-us-east-1-anomaly/raw/sensors_20260310T202436.csv
2026-03-10 20:24:37,525 - INFO - Loaded 100 rows from raw/sensors_20260310T202436.csv with columns ['timestamp', 'temperature', 'humidity', 'pressure', 'wind_speed']
2026-03-10 20:24:37,633 - INFO - Baseline loaded from s3://anomaly-detection-dp1-537124947012-us-east-1-anomaly/state/baseline.json
2026-03-10 20:24:37,633 - INFO - Baseline loaded successfully
2026-03-10 20:24:37,633 - INFO - Baseline updated for channel temperature with 100 new values
2026-03-10 20:24:37,633 - INFO - Updated baseline for column temperature with 100 values
2026-03-10 20:24:37,634 - INFO - Baseline updated for channel humidity with 100 new values
2026-03-10 20:24:37,634 - INFO - Updated baseline for column humidity with 100 values
2026-03-10 20:24:37,634 - INFO - Baseline updated for channel pressure with 100 new values
2026-03-10 20:24:37,634 - INFO - Updated baseline for column pressure with 100 values
2026-03-10 20:24:37,634 - INFO - Baseline updated for channel wind_speed with 100 new values
2026-03-10 20:24:37,634 - INFO - Updated baseline for column wind_speed with 100 values
2026-03-10 20:24:37,634 - INFO - Z-score calculation completed successfully
2026-03-10 20:24:37,635 - INFO - Z-score flags created for column temperature
2026-03-10 20:24:37,635 - INFO - Z-score calculation completed successfully
2026-03-10 20:24:37,636 - INFO - Z-score flags created for column humidity
2026-03-10 20:24:37,636 - INFO - Z-score calculation completed successfully
2026-03-10 20:24:37,637 - INFO - Z-score flags created for column pressure
2026-03-10 20:24:37,637 - INFO - Z-score calculation completed successfully
2026-03-10 20:24:37,637 - INFO - Z-score flags created for column wind_speed
2026-03-10 20:24:37,802 - INFO - Isolation Forest completed successfully
2026-03-10 20:24:37,803 - INFO - Isolation Forest fields added to result
2026-03-10 20:24:37,805 - INFO - Final anomaly flag created
2026-03-10 20:24:37,805 - INFO - Anomaly detection completed successfully
2026-03-10 20:24:37,843 - INFO - Processed CSV written to s3://anomaly-detection-dp1-537124947012-us-east-1-anomaly/processed/sensors_20260310T202436.csv
2026-03-10 20:24:37,867 - INFO - Baseline saved to s3://anomaly-detection-dp1-537124947012-us-east-1-anomaly/state/baseline.json
2026-03-10 20:24:37,867 - INFO - Baseline saved successfully
2026-03-10 20:24:37,895 - INFO - Summary JSON written to s3://anomaly-detection-dp1-537124947012-us-east-1-anomaly/processed/sensors_20260310T202436_summary.json
2026-03-10 20:24:37,895 - INFO - Processing finished for raw/sensors_20260310T202436.csv: 5/100 anomalies flagged
2026-03-10 20:25:37,159 - INFO - SNS message received
2026-03-10 20:25:37,160 - INFO - Queueing processing for s3://anomaly-detection-dp1-537124947012-us-east-1-anomaly/raw/sensors_20260310T202536.csv
2026-03-10 20:25:37,161 - INFO - Processing started for s3://anomaly-detection-dp1-537124947012-us-east-1-anomaly/raw/sensors_20260310T202536.csv
2026-03-10 20:25:37,230 - INFO - Loaded 100 rows from raw/sensors_20260310T202536.csv with columns ['timestamp', 'temperature', 'humidity', 'pressure', 'wind_speed']
2026-03-10 20:25:37,325 - INFO - Baseline loaded from s3://anomaly-detection-dp1-537124947012-us-east-1-anomaly/state/baseline.json
2026-03-10 20:25:37,325 - INFO - Baseline loaded successfully
2026-03-10 20:25:37,326 - INFO - Baseline updated for channel temperature with 100 new values
2026-03-10 20:25:37,326 - INFO - Updated baseline for column temperature with 100 values
2026-03-10 20:25:37,326 - INFO - Baseline updated for channel humidity with 100 new values
2026-03-10 20:25:37,326 - INFO - Updated baseline for column humidity with 100 values
2026-03-10 20:25:37,326 - INFO - Baseline updated for channel pressure with 100 new values
2026-03-10 20:25:37,326 - INFO - Updated baseline for column pressure with 100 values
2026-03-10 20:25:37,326 - INFO - Baseline updated for channel wind_speed with 100 new values
2026-03-10 20:25:37,326 - INFO - Updated baseline for column wind_speed with 100 values
2026-03-10 20:25:37,327 - INFO - Z-score calculation completed successfully
2026-03-10 20:25:37,328 - INFO - Z-score flags created for column temperature
2026-03-10 20:25:37,328 - INFO - Z-score calculation completed successfully
2026-03-10 20:25:37,328 - INFO - Z-score flags created for column humidity
2026-03-10 20:25:37,329 - INFO - Z-score calculation completed successfully
2026-03-10 20:25:37,329 - INFO - Z-score flags created for column pressure
2026-03-10 20:25:37,329 - INFO - Z-score calculation completed successfully
2026-03-10 20:25:37,330 - INFO - Z-score flags created for column wind_speed
2026-03-10 20:25:37,497 - INFO - Isolation Forest completed successfully
2026-03-10 20:25:37,498 - INFO - Isolation Forest fields added to result
2026-03-10 20:25:37,500 - INFO - Final anomaly flag created
2026-03-10 20:25:37,500 - INFO - Anomaly detection completed successfully
2026-03-10 20:25:37,531 - INFO - Processed CSV written to s3://anomaly-detection-dp1-537124947012-us-east-1-anomaly/processed/sensors_20260310T202536.csv
2026-03-10 20:25:37,567 - INFO - Baseline saved to s3://anomaly-detection-dp1-537124947012-us-east-1-anomaly/state/baseline.json
2026-03-10 20:25:37,568 - INFO - Baseline saved successfully
2026-03-10 20:25:37,593 - INFO - Summary JSON written to s3://anomaly-detection-dp1-537124947012-us-east-1-anomaly/processed/sensors_20260310T202536_summary.json
2026-03-10 20:25:37,593 - INFO - Processing finished for raw/sensors_20260310T202536.csv: 5/100 anomalies flagged
2026-03-10 20:26:37,687 - INFO - SNS message received
2026-03-10 20:26:37,687 - INFO - Queueing processing for s3://anomaly-detection-dp1-537124947012-us-east-1-anomaly/raw/sensors_20260310T202636.csv
2026-03-10 20:26:37,688 - INFO - Processing started for s3://anomaly-detection-dp1-537124947012-us-east-1-anomaly/raw/sensors_20260310T202636.csv
2026-03-10 20:26:37,764 - INFO - Loaded 100 rows from raw/sensors_20260310T202636.csv with columns ['timestamp', 'temperature', 'humidity', 'pressure', 'wind_speed']
2026-03-10 20:26:37,844 - INFO - Baseline loaded from s3://anomaly-detection-dp1-537124947012-us-east-1-anomaly/state/baseline.json
2026-03-10 20:26:37,844 - INFO - Baseline loaded successfully
2026-03-10 20:26:37,845 - INFO - Baseline updated for channel temperature with 100 new values
2026-03-10 20:26:37,845 - INFO - Updated baseline for column temperature with 100 values
2026-03-10 20:26:37,845 - INFO - Baseline updated for channel humidity with 100 new values
2026-03-10 20:26:37,845 - INFO - Updated baseline for column humidity with 100 values
2026-03-10 20:26:37,845 - INFO - Baseline updated for channel pressure with 100 new values
2026-03-10 20:26:37,845 - INFO - Updated baseline for column pressure with 100 values
2026-03-10 20:26:37,846 - INFO - Baseline updated for channel wind_speed with 100 new values
2026-03-10 20:26:37,846 - INFO - Updated baseline for column wind_speed with 100 values
2026-03-10 20:26:37,846 - INFO - Z-score calculation completed successfully
2026-03-10 20:26:37,847 - INFO - Z-score flags created for column temperature
2026-03-10 20:26:37,847 - INFO - Z-score calculation completed successfully
2026-03-10 20:26:37,848 - INFO - Z-score flags created for column humidity
2026-03-10 20:26:37,848 - INFO - Z-score calculation completed successfully
2026-03-10 20:26:37,848 - INFO - Z-score flags created for column pressure
2026-03-10 20:26:37,849 - INFO - Z-score calculation completed successfully
2026-03-10 20:26:37,849 - INFO - Z-score flags created for column wind_speed
2026-03-10 20:26:38,017 - INFO - Isolation Forest completed successfully
2026-03-10 20:26:38,018 - INFO - Isolation Forest fields added to result
2026-03-10 20:26:38,020 - INFO - Final anomaly flag created
2026-03-10 20:26:38,020 - INFO - Anomaly detection completed successfully
2026-03-10 20:26:38,051 - INFO - Processed CSV written to s3://anomaly-detection-dp1-537124947012-us-east-1-anomaly/processed/sensors_20260310T202636.csv
2026-03-10 20:26:38,094 - INFO - Baseline saved to s3://anomaly-detection-dp1-537124947012-us-east-1-anomaly/state/baseline.json
2026-03-10 20:26:38,094 - INFO - Baseline saved successfully
2026-03-10 20:26:38,121 - INFO - Summary JSON written to s3://anomaly-detection-dp1-537124947012-us-east-1-anomaly/processed/sensors_20260310T202636_summary.json
2026-03-10 20:26:38,121 - INFO - Processing finished for raw/sensors_20260310T202636.csv: 7/100 anomalies flagged
2026-03-10 20:27:38,032 - INFO - SNS message received
2026-03-10 20:27:38,032 - INFO - Queueing processing for s3://anomaly-detection-dp1-537124947012-us-east-1-anomaly/raw/sensors_20260310T202736.csv
2026-03-10 20:27:38,033 - INFO - Processing started for s3://anomaly-detection-dp1-537124947012-us-east-1-anomaly/raw/sensors_20260310T202736.csv
2026-03-10 20:27:38,112 - INFO - Loaded 100 rows from raw/sensors_20260310T202736.csv with columns ['timestamp', 'temperature', 'humidity', 'pressure', 'wind_speed']
2026-03-10 20:27:38,220 - INFO - Baseline loaded from s3://anomaly-detection-dp1-537124947012-us-east-1-anomaly/state/baseline.json
2026-03-10 20:27:38,220 - INFO - Baseline loaded successfully
2026-03-10 20:27:38,221 - INFO - Baseline updated for channel temperature with 100 new values
2026-03-10 20:27:38,221 - INFO - Updated baseline for column temperature with 100 values
2026-03-10 20:27:38,221 - INFO - Baseline updated for channel humidity with 100 new values
2026-03-10 20:27:38,221 - INFO - Updated baseline for column humidity with 100 values
2026-03-10 20:27:38,221 - INFO - Baseline updated for channel pressure with 100 new values
2026-03-10 20:27:38,221 - INFO - Updated baseline for column pressure with 100 values
2026-03-10 20:27:38,222 - INFO - Baseline updated for channel wind_speed with 100 new values
2026-03-10 20:27:38,222 - INFO - Updated baseline for column wind_speed with 100 values
2026-03-10 20:27:38,222 - INFO - Z-score calculation completed successfully
2026-03-10 20:27:38,223 - INFO - Z-score flags created for column temperature
2026-03-10 20:27:38,223 - INFO - Z-score calculation completed successfully
2026-03-10 20:27:38,223 - INFO - Z-score flags created for column humidity
2026-03-10 20:27:38,224 - INFO - Z-score calculation completed successfully
2026-03-10 20:27:38,224 - INFO - Z-score flags created for column pressure
2026-03-10 20:27:38,225 - INFO - Z-score calculation completed successfully
2026-03-10 20:27:38,225 - INFO - Z-score flags created for column wind_speed
2026-03-10 20:27:38,395 - INFO - Isolation Forest completed successfully
2026-03-10 20:27:38,396 - INFO - Isolation Forest fields added to result
2026-03-10 20:27:38,398 - INFO - Final anomaly flag created
2026-03-10 20:27:38,398 - INFO - Anomaly detection completed successfully
2026-03-10 20:27:38,432 - INFO - Processed CSV written to s3://anomaly-detection-dp1-537124947012-us-east-1-anomaly/processed/sensors_20260310T202736.csv
2026-03-10 20:27:38,465 - INFO - Baseline saved to s3://anomaly-detection-dp1-537124947012-us-east-1-anomaly/state/baseline.json
2026-03-10 20:27:38,465 - INFO - Baseline saved successfully
2026-03-10 20:27:38,497 - INFO - Summary JSON written to s3://anomaly-detection-dp1-537124947012-us-east-1-anomaly/processed/sensors_20260310T202736_summary.json
2026-03-10 20:27:38,498 - INFO - Processing finished for raw/sensors_20260310T202736.csv: 5/100 anomalies flagged
2026-03-10 20:28:37,789 - INFO - SNS message received
2026-03-10 20:28:37,789 - INFO - Queueing processing for s3://anomaly-detection-dp1-537124947012-us-east-1-anomaly/raw/sensors_20260310T202836.csv
2026-03-10 20:28:37,790 - INFO - Processing started for s3://anomaly-detection-dp1-537124947012-us-east-1-anomaly/raw/sensors_20260310T202836.csv
2026-03-10 20:28:37,860 - INFO - Loaded 100 rows from raw/sensors_20260310T202836.csv with columns ['timestamp', 'temperature', 'humidity', 'pressure', 'wind_speed']
2026-03-10 20:28:37,928 - INFO - Baseline loaded from s3://anomaly-detection-dp1-537124947012-us-east-1-anomaly/state/baseline.json
2026-03-10 20:28:37,928 - INFO - Baseline loaded successfully
2026-03-10 20:28:37,929 - INFO - Baseline updated for channel temperature with 100 new values
2026-03-10 20:28:37,929 - INFO - Updated baseline for column temperature with 100 values
2026-03-10 20:28:37,929 - INFO - Baseline updated for channel humidity with 100 new values
2026-03-10 20:28:37,929 - INFO - Updated baseline for column humidity with 100 values
2026-03-10 20:28:37,929 - INFO - Baseline updated for channel pressure with 100 new values
2026-03-10 20:28:37,929 - INFO - Updated baseline for column pressure with 100 values
2026-03-10 20:28:37,930 - INFO - Baseline updated for channel wind_speed with 100 new values
2026-03-10 20:28:37,930 - INFO - Updated baseline for column wind_speed with 100 values
2026-03-10 20:28:37,930 - INFO - Z-score calculation completed successfully
2026-03-10 20:28:37,931 - INFO - Z-score flags created for column temperature
2026-03-10 20:28:37,931 - INFO - Z-score calculation completed successfully
2026-03-10 20:28:37,931 - INFO - Z-score flags created for column humidity
2026-03-10 20:28:37,932 - INFO - Z-score calculation completed successfully
2026-03-10 20:28:37,932 - INFO - Z-score flags created for column pressure
2026-03-10 20:28:37,933 - INFO - Z-score calculation completed successfully
2026-03-10 20:28:37,933 - INFO - Z-score flags created for column wind_speed
2026-03-10 20:28:38,101 - INFO - Isolation Forest completed successfully
2026-03-10 20:28:38,102 - INFO - Isolation Forest fields added to result
2026-03-10 20:28:38,103 - INFO - Final anomaly flag created
2026-03-10 20:28:38,104 - INFO - Anomaly detection completed successfully
2026-03-10 20:28:38,137 - INFO - Processed CSV written to s3://anomaly-detection-dp1-537124947012-us-east-1-anomaly/processed/sensors_20260310T202836.csv
2026-03-10 20:28:38,169 - INFO - Baseline saved to s3://anomaly-detection-dp1-537124947012-us-east-1-anomaly/state/baseline.json
2026-03-10 20:28:38,170 - INFO - Baseline saved successfully
2026-03-10 20:28:38,200 - INFO - Summary JSON written to s3://anomaly-detection-dp1-537124947012-us-east-1-anomaly/processed/sensors_20260310T202836_summary.json
2026-03-10 20:28:38,200 - INFO - Processing finished for raw/sensors_20260310T202836.csv: 7/100 anomalies flagged
2026-03-10 20:29:38,341 - INFO - SNS message received
2026-03-10 20:29:38,341 - INFO - Queueing processing for s3://anomaly-detection-dp1-537124947012-us-east-1-anomaly/raw/sensors_20260310T202937.csv
2026-03-10 20:29:38,342 - INFO - Processing started for s3://anomaly-detection-dp1-537124947012-us-east-1-anomaly/raw/sensors_20260310T202937.csv
2026-03-10 20:29:38,416 - INFO - Loaded 100 rows from raw/sensors_20260310T202937.csv with columns ['timestamp', 'temperature', 'humidity', 'pressure', 'wind_speed']
2026-03-10 20:29:38,486 - INFO - Baseline loaded from s3://anomaly-detection-dp1-537124947012-us-east-1-anomaly/state/baseline.json
2026-03-10 20:29:38,486 - INFO - Baseline loaded successfully
2026-03-10 20:29:38,486 - INFO - Baseline updated for channel temperature with 100 new values
2026-03-10 20:29:38,487 - INFO - Updated baseline for column temperature with 100 values
2026-03-10 20:29:38,487 - INFO - Baseline updated for channel humidity with 100 new values
2026-03-10 20:29:38,487 - INFO - Updated baseline for column humidity with 100 values
2026-03-10 20:29:38,487 - INFO - Baseline updated for channel pressure with 100 new values
2026-03-10 20:29:38,487 - INFO - Updated baseline for column pressure with 100 values
2026-03-10 20:29:38,487 - INFO - Baseline updated for channel wind_speed with 100 new values
2026-03-10 20:29:38,487 - INFO - Updated baseline for column wind_speed with 100 values
2026-03-10 20:29:38,488 - INFO - Z-score calculation completed successfully
2026-03-10 20:29:38,489 - INFO - Z-score flags created for column temperature
2026-03-10 20:29:38,489 - INFO - Z-score calculation completed successfully
2026-03-10 20:29:38,489 - INFO - Z-score flags created for column humidity
2026-03-10 20:29:38,490 - INFO - Z-score calculation completed successfully
2026-03-10 20:29:38,490 - INFO - Z-score flags created for column pressure
2026-03-10 20:29:38,490 - INFO - Z-score calculation completed successfully
2026-03-10 20:29:38,491 - INFO - Z-score flags created for column wind_speed
2026-03-10 20:29:38,658 - INFO - Isolation Forest completed successfully
2026-03-10 20:29:38,659 - INFO - Isolation Forest fields added to result
2026-03-10 20:29:38,661 - INFO - Final anomaly flag created
2026-03-10 20:29:38,661 - INFO - Anomaly detection completed successfully
2026-03-10 20:29:38,691 - INFO - Processed CSV written to s3://anomaly-detection-dp1-537124947012-us-east-1-anomaly/processed/sensors_20260310T202937.csv
2026-03-10 20:29:38,720 - INFO - Baseline saved to s3://anomaly-detection-dp1-537124947012-us-east-1-anomaly/state/baseline.json
2026-03-10 20:29:38,720 - INFO - Baseline saved successfully
2026-03-10 20:29:38,750 - INFO - Summary JSON written to s3://anomaly-detection-dp1-537124947012-us-east-1-anomaly/processed/sensors_20260310T202937_summary.json
2026-03-10 20:29:38,750 - INFO - Processing finished for raw/sensors_20260310T202937.csv: 5/100 anomalies flagged
2026-03-10 20:30:38,798 - INFO - SNS message received
2026-03-10 20:30:38,798 - INFO - Queueing processing for s3://anomaly-detection-dp1-537124947012-us-east-1-anomaly/raw/sensors_20260310T203037.csv
2026-03-10 20:30:38,799 - INFO - Processing started for s3://anomaly-detection-dp1-537124947012-us-east-1-anomaly/raw/sensors_20260310T203037.csv
2026-03-10 20:30:38,899 - INFO - Loaded 100 rows from raw/sensors_20260310T203037.csv with columns ['timestamp', 'temperature', 'humidity', 'pressure', 'wind_speed']
2026-03-10 20:30:38,987 - INFO - Baseline loaded from s3://anomaly-detection-dp1-537124947012-us-east-1-anomaly/state/baseline.json
2026-03-10 20:30:38,987 - INFO - Baseline loaded successfully
2026-03-10 20:30:38,988 - INFO - Baseline updated for channel temperature with 100 new values
2026-03-10 20:30:38,988 - INFO - Updated baseline for column temperature with 100 values
2026-03-10 20:30:38,988 - INFO - Baseline updated for channel humidity with 100 new values
2026-03-10 20:30:38,988 - INFO - Updated baseline for column humidity with 100 values
2026-03-10 20:30:38,988 - INFO - Baseline updated for channel pressure with 100 new values
2026-03-10 20:30:38,988 - INFO - Updated baseline for column pressure with 100 values
2026-03-10 20:30:38,989 - INFO - Baseline updated for channel wind_speed with 100 new values
2026-03-10 20:30:38,989 - INFO - Updated baseline for column wind_speed with 100 values
2026-03-10 20:30:38,989 - INFO - Z-score calculation completed successfully
2026-03-10 20:30:38,990 - INFO - Z-score flags created for column temperature
2026-03-10 20:30:38,990 - INFO - Z-score calculation completed successfully
2026-03-10 20:30:38,991 - INFO - Z-score flags created for column humidity
2026-03-10 20:30:38,991 - INFO - Z-score calculation completed successfully
2026-03-10 20:30:38,991 - INFO - Z-score flags created for column pressure
2026-03-10 20:30:38,992 - INFO - Z-score calculation completed successfully
2026-03-10 20:30:38,992 - INFO - Z-score flags created for column wind_speed
2026-03-10 20:30:39,162 - INFO - Isolation Forest completed successfully
2026-03-10 20:30:39,163 - INFO - Isolation Forest fields added to result
2026-03-10 20:30:39,165 - INFO - Final anomaly flag created
2026-03-10 20:30:39,165 - INFO - Anomaly detection completed successfully
2026-03-10 20:30:39,227 - INFO - Processed CSV written to s3://anomaly-detection-dp1-537124947012-us-east-1-anomaly/processed/sensors_20260310T203037.csv
2026-03-10 20:30:39,259 - INFO - Baseline saved to s3://anomaly-detection-dp1-537124947012-us-east-1-anomaly/state/baseline.json
2026-03-10 20:30:39,259 - INFO - Baseline saved successfully
2026-03-10 20:30:39,318 - INFO - Summary JSON written to s3://anomaly-detection-dp1-537124947012-us-east-1-anomaly/processed/sensors_20260310T203037_summary.json
2026-03-10 20:30:39,318 - INFO - Processing finished for raw/sensors_20260310T203037.csv: 6/100 anomalies flagged
2026-03-10 20:31:38,330 - INFO - SNS message received
2026-03-10 20:31:38,330 - INFO - Queueing processing for s3://anomaly-detection-dp1-537124947012-us-east-1-anomaly/raw/sensors_20260310T203137.csv
2026-03-10 20:31:38,331 - INFO - Processing started for s3://anomaly-detection-dp1-537124947012-us-east-1-anomaly/raw/sensors_20260310T203137.csv
2026-03-10 20:31:38,406 - INFO - Loaded 100 rows from raw/sensors_20260310T203137.csv with columns ['timestamp', 'temperature', 'humidity', 'pressure', 'wind_speed']
2026-03-10 20:31:38,497 - INFO - Baseline loaded from s3://anomaly-detection-dp1-537124947012-us-east-1-anomaly/state/baseline.json
2026-03-10 20:31:38,497 - INFO - Baseline loaded successfully
2026-03-10 20:31:38,498 - INFO - Baseline updated for channel temperature with 100 new values
2026-03-10 20:31:38,498 - INFO - Updated baseline for column temperature with 100 values
2026-03-10 20:31:38,498 - INFO - Baseline updated for channel humidity with 100 new values
2026-03-10 20:31:38,498 - INFO - Updated baseline for column humidity with 100 values
2026-03-10 20:31:38,498 - INFO - Baseline updated for channel pressure with 100 new values
2026-03-10 20:31:38,498 - INFO - Updated baseline for column pressure with 100 values
2026-03-10 20:31:38,498 - INFO - Baseline updated for channel wind_speed with 100 new values
2026-03-10 20:31:38,498 - INFO - Updated baseline for column wind_speed with 100 values
2026-03-10 20:31:38,499 - INFO - Z-score calculation completed successfully
2026-03-10 20:31:38,500 - INFO - Z-score flags created for column temperature
2026-03-10 20:31:38,500 - INFO - Z-score calculation completed successfully
2026-03-10 20:31:38,500 - INFO - Z-score flags created for column humidity
2026-03-10 20:31:38,501 - INFO - Z-score calculation completed successfully
2026-03-10 20:31:38,501 - INFO - Z-score flags created for column pressure
2026-03-10 20:31:38,502 - INFO - Z-score calculation completed successfully
2026-03-10 20:31:38,502 - INFO - Z-score flags created for column wind_speed
2026-03-10 20:31:38,670 - INFO - Isolation Forest completed successfully
2026-03-10 20:31:38,671 - INFO - Isolation Forest fields added to result
2026-03-10 20:31:38,673 - INFO - Final anomaly flag created
2026-03-10 20:31:38,673 - INFO - Anomaly detection completed successfully
2026-03-10 20:31:38,706 - INFO - Processed CSV written to s3://anomaly-detection-dp1-537124947012-us-east-1-anomaly/processed/sensors_20260310T203137.csv
2026-03-10 20:31:38,735 - INFO - Baseline saved to s3://anomaly-detection-dp1-537124947012-us-east-1-anomaly/state/baseline.json
2026-03-10 20:31:38,735 - INFO - Baseline saved successfully
2026-03-10 20:31:38,764 - INFO - Summary JSON written to s3://anomaly-detection-dp1-537124947012-us-east-1-anomaly/processed/sensors_20260310T203137_summary.json
2026-03-10 20:31:38,764 - INFO - Processing finished for raw/sensors_20260310T203137.csv: 5/100 anomalies flagged
2026-03-10 20:32:38,864 - INFO - SNS message received
2026-03-10 20:32:38,864 - INFO - Queueing processing for s3://anomaly-detection-dp1-537124947012-us-east-1-anomaly/raw/sensors_20260310T203237.csv
2026-03-10 20:32:38,865 - INFO - Processing started for s3://anomaly-detection-dp1-537124947012-us-east-1-anomaly/raw/sensors_20260310T203237.csv
2026-03-10 20:32:38,937 - INFO - Loaded 100 rows from raw/sensors_20260310T203237.csv with columns ['timestamp', 'temperature', 'humidity', 'pressure', 'wind_speed']
2026-03-10 20:32:39,005 - INFO - Baseline loaded from s3://anomaly-detection-dp1-537124947012-us-east-1-anomaly/state/baseline.json
2026-03-10 20:32:39,006 - INFO - Baseline loaded successfully
2026-03-10 20:32:39,006 - INFO - Baseline updated for channel temperature with 100 new values
2026-03-10 20:32:39,006 - INFO - Updated baseline for column temperature with 100 values
2026-03-10 20:32:39,006 - INFO - Baseline updated for channel humidity with 100 new values
2026-03-10 20:32:39,006 - INFO - Updated baseline for column humidity with 100 values
2026-03-10 20:32:39,007 - INFO - Baseline updated for channel pressure with 100 new values
2026-03-10 20:32:39,007 - INFO - Updated baseline for column pressure with 100 values
2026-03-10 20:32:39,007 - INFO - Baseline updated for channel wind_speed with 100 new values
2026-03-10 20:32:39,007 - INFO - Updated baseline for column wind_speed with 100 values
2026-03-10 20:32:39,007 - INFO - Z-score calculation completed successfully
2026-03-10 20:32:39,008 - INFO - Z-score flags created for column temperature
2026-03-10 20:32:39,008 - INFO - Z-score calculation completed successfully
2026-03-10 20:32:39,009 - INFO - Z-score flags created for column humidity
2026-03-10 20:32:39,009 - INFO - Z-score calculation completed successfully
2026-03-10 20:32:39,010 - INFO - Z-score flags created for column pressure
2026-03-10 20:32:39,010 - INFO - Z-score calculation completed successfully
2026-03-10 20:32:39,011 - INFO - Z-score flags created for column wind_speed
2026-03-10 20:32:39,178 - INFO - Isolation Forest completed successfully
2026-03-10 20:32:39,179 - INFO - Isolation Forest fields added to result
2026-03-10 20:32:39,181 - INFO - Final anomaly flag created
2026-03-10 20:32:39,181 - INFO - Anomaly detection completed successfully
2026-03-10 20:32:39,220 - INFO - Processed CSV written to s3://anomaly-detection-dp1-537124947012-us-east-1-anomaly/processed/sensors_20260310T203237.csv
2026-03-10 20:32:39,245 - INFO - Baseline saved to s3://anomaly-detection-dp1-537124947012-us-east-1-anomaly/state/baseline.json
2026-03-10 20:32:39,245 - INFO - Baseline saved successfully
2026-03-10 20:32:39,281 - INFO - Summary JSON written to s3://anomaly-detection-dp1-537124947012-us-east-1-anomaly/processed/sensors_20260310T203237_summary.json
2026-03-10 20:32:39,281 - INFO - Processing finished for raw/sensors_20260310T203237.csv: 5/100 anomalies flagged
2026-03-10 20:33:39,353 - INFO - SNS message received
2026-03-10 20:33:39,353 - INFO - Queueing processing for s3://anomaly-detection-dp1-537124947012-us-east-1-anomaly/raw/sensors_20260310T203337.csv
2026-03-10 20:33:39,354 - INFO - Processing started for s3://anomaly-detection-dp1-537124947012-us-east-1-anomaly/raw/sensors_20260310T203337.csv
2026-03-10 20:33:39,439 - INFO - Loaded 100 rows from raw/sensors_20260310T203337.csv with columns ['timestamp', 'temperature', 'humidity', 'pressure', 'wind_speed']
2026-03-10 20:33:39,542 - INFO - Baseline loaded from s3://anomaly-detection-dp1-537124947012-us-east-1-anomaly/state/baseline.json
2026-03-10 20:33:39,542 - INFO - Baseline loaded successfully
2026-03-10 20:33:39,542 - INFO - Baseline updated for channel temperature with 100 new values
2026-03-10 20:33:39,542 - INFO - Updated baseline for column temperature with 100 values
2026-03-10 20:33:39,543 - INFO - Baseline updated for channel humidity with 100 new values
2026-03-10 20:33:39,543 - INFO - Updated baseline for column humidity with 100 values
2026-03-10 20:33:39,543 - INFO - Baseline updated for channel pressure with 100 new values
2026-03-10 20:33:39,543 - INFO - Updated baseline for column pressure with 100 values
2026-03-10 20:33:39,543 - INFO - Baseline updated for channel wind_speed with 100 new values
2026-03-10 20:33:39,543 - INFO - Updated baseline for column wind_speed with 100 values
2026-03-10 20:33:39,544 - INFO - Z-score calculation completed successfully
2026-03-10 20:33:39,544 - INFO - Z-score flags created for column temperature
2026-03-10 20:33:39,545 - INFO - Z-score calculation completed successfully
2026-03-10 20:33:39,545 - INFO - Z-score flags created for column humidity
2026-03-10 20:33:39,545 - INFO - Z-score calculation completed successfully
2026-03-10 20:33:39,546 - INFO - Z-score flags created for column pressure
2026-03-10 20:33:39,546 - INFO - Z-score calculation completed successfully
2026-03-10 20:33:39,547 - INFO - Z-score flags created for column wind_speed
2026-03-10 20:33:39,715 - INFO - Isolation Forest completed successfully
2026-03-10 20:33:39,716 - INFO - Isolation Forest fields added to result
2026-03-10 20:33:39,718 - INFO - Final anomaly flag created
2026-03-10 20:33:39,718 - INFO - Anomaly detection completed successfully
2026-03-10 20:33:39,775 - INFO - Processed CSV written to s3://anomaly-detection-dp1-537124947012-us-east-1-anomaly/processed/sensors_20260310T203337.csv
2026-03-10 20:33:39,799 - INFO - Baseline saved to s3://anomaly-detection-dp1-537124947012-us-east-1-anomaly/state/baseline.json
2026-03-10 20:33:39,799 - INFO - Baseline saved successfully
2026-03-10 20:33:39,837 - INFO - Summary JSON written to s3://anomaly-detection-dp1-537124947012-us-east-1-anomaly/processed/sensors_20260310T203337_summary.json
2026-03-10 20:33:39,837 - INFO - Processing finished for raw/sensors_20260310T203337.csv: 5/100 anomalies flagged
2026-03-10 20:34:39,049 - INFO - SNS message received
2026-03-10 20:34:39,050 - INFO - Queueing processing for s3://anomaly-detection-dp1-537124947012-us-east-1-anomaly/raw/sensors_20260310T203438.csv
2026-03-10 20:34:39,051 - INFO - Processing started for s3://anomaly-detection-dp1-537124947012-us-east-1-anomaly/raw/sensors_20260310T203438.csv
2026-03-10 20:34:39,124 - INFO - Loaded 100 rows from raw/sensors_20260310T203438.csv with columns ['timestamp', 'temperature', 'humidity', 'pressure', 'wind_speed']
2026-03-10 20:34:39,241 - INFO - Baseline loaded from s3://anomaly-detection-dp1-537124947012-us-east-1-anomaly/state/baseline.json
2026-03-10 20:34:39,241 - INFO - Baseline loaded successfully
2026-03-10 20:34:39,241 - INFO - Baseline updated for channel temperature with 100 new values
2026-03-10 20:34:39,241 - INFO - Updated baseline for column temperature with 100 values
2026-03-10 20:34:39,242 - INFO - Baseline updated for channel humidity with 100 new values
2026-03-10 20:34:39,242 - INFO - Updated baseline for column humidity with 100 values
2026-03-10 20:34:39,242 - INFO - Baseline updated for channel pressure with 100 new values
2026-03-10 20:34:39,242 - INFO - Updated baseline for column pressure with 100 values
2026-03-10 20:34:39,242 - INFO - Baseline updated for channel wind_speed with 100 new values
2026-03-10 20:34:39,242 - INFO - Updated baseline for column wind_speed with 100 values
2026-03-10 20:34:39,243 - INFO - Z-score calculation completed successfully
2026-03-10 20:34:39,243 - INFO - Z-score flags created for column temperature
2026-03-10 20:34:39,243 - INFO - Z-score calculation completed successfully
2026-03-10 20:34:39,244 - INFO - Z-score flags created for column humidity
2026-03-10 20:34:39,244 - INFO - Z-score calculation completed successfully
2026-03-10 20:34:39,245 - INFO - Z-score flags created for column pressure
2026-03-10 20:34:39,245 - INFO - Z-score calculation completed successfully
2026-03-10 20:34:39,246 - INFO - Z-score flags created for column wind_speed
2026-03-10 20:34:39,413 - INFO - Isolation Forest completed successfully
2026-03-10 20:34:39,415 - INFO - Isolation Forest fields added to result
2026-03-10 20:34:39,416 - INFO - Final anomaly flag created
2026-03-10 20:34:39,416 - INFO - Anomaly detection completed successfully
2026-03-10 20:34:39,445 - INFO - Processed CSV written to s3://anomaly-detection-dp1-537124947012-us-east-1-anomaly/processed/sensors_20260310T203438.csv
2026-03-10 20:34:39,477 - INFO - Baseline saved to s3://anomaly-detection-dp1-537124947012-us-east-1-anomaly/state/baseline.json
2026-03-10 20:34:39,477 - INFO - Baseline saved successfully
2026-03-10 20:34:39,506 - INFO - Summary JSON written to s3://anomaly-detection-dp1-537124947012-us-east-1-anomaly/processed/sensors_20260310T203438_summary.json
2026-03-10 20:34:39,506 - INFO - Processing finished for raw/sensors_20260310T203438.csv: 6/100 anomalies flagged
2026-03-10 20:35:39,498 - INFO - SNS message received
2026-03-10 20:35:39,498 - INFO - Queueing processing for s3://anomaly-detection-dp1-537124947012-us-east-1-anomaly/raw/sensors_20260310T203538.csv
2026-03-10 20:35:39,499 - INFO - Processing started for s3://anomaly-detection-dp1-537124947012-us-east-1-anomaly/raw/sensors_20260310T203538.csv
2026-03-10 20:35:39,572 - INFO - Loaded 100 rows from raw/sensors_20260310T203538.csv with columns ['timestamp', 'temperature', 'humidity', 'pressure', 'wind_speed']
2026-03-10 20:35:39,660 - INFO - Baseline loaded from s3://anomaly-detection-dp1-537124947012-us-east-1-anomaly/state/baseline.json
2026-03-10 20:35:39,660 - INFO - Baseline loaded successfully
2026-03-10 20:35:39,661 - INFO - Baseline updated for channel temperature with 100 new values
2026-03-10 20:35:39,661 - INFO - Updated baseline for column temperature with 100 values
2026-03-10 20:35:39,661 - INFO - Baseline updated for channel humidity with 100 new values
2026-03-10 20:35:39,661 - INFO - Updated baseline for column humidity with 100 values
2026-03-10 20:35:39,661 - INFO - Baseline updated for channel pressure with 100 new values
2026-03-10 20:35:39,661 - INFO - Updated baseline for column pressure with 100 values
2026-03-10 20:35:39,661 - INFO - Baseline updated for channel wind_speed with 100 new values
2026-03-10 20:35:39,661 - INFO - Updated baseline for column wind_speed with 100 values
2026-03-10 20:35:39,662 - INFO - Z-score calculation completed successfully
2026-03-10 20:35:39,663 - INFO - Z-score flags created for column temperature
2026-03-10 20:35:39,663 - INFO - Z-score calculation completed successfully
2026-03-10 20:35:39,663 - INFO - Z-score flags created for column humidity
2026-03-10 20:35:39,664 - INFO - Z-score calculation completed successfully
2026-03-10 20:35:39,664 - INFO - Z-score flags created for column pressure
2026-03-10 20:35:39,665 - INFO - Z-score calculation completed successfully
2026-03-10 20:35:39,665 - INFO - Z-score flags created for column wind_speed
2026-03-10 20:35:39,833 - INFO - Isolation Forest completed successfully
2026-03-10 20:35:39,834 - INFO - Isolation Forest fields added to result
2026-03-10 20:35:39,836 - INFO - Final anomaly flag created
2026-03-10 20:35:39,836 - INFO - Anomaly detection completed successfully
2026-03-10 20:35:39,864 - INFO - Processed CSV written to s3://anomaly-detection-dp1-537124947012-us-east-1-anomaly/processed/sensors_20260310T203538.csv
2026-03-10 20:35:39,889 - INFO - Baseline saved to s3://anomaly-detection-dp1-537124947012-us-east-1-anomaly/state/baseline.json
2026-03-10 20:35:39,890 - INFO - Baseline saved successfully
2026-03-10 20:35:39,913 - INFO - Summary JSON written to s3://anomaly-detection-dp1-537124947012-us-east-1-anomaly/processed/sensors_20260310T203538_summary.json
2026-03-10 20:35:39,913 - INFO - Processing finished for raw/sensors_20260310T203538.csv: 6/100 anomalies flagged
2026-03-10 20:36:40,105 - INFO - SNS message received
2026-03-10 20:36:40,105 - INFO - Queueing processing for s3://anomaly-detection-dp1-537124947012-us-east-1-anomaly/raw/sensors_20260310T203638.csv
2026-03-10 20:36:40,106 - INFO - Processing started for s3://anomaly-detection-dp1-537124947012-us-east-1-anomaly/raw/sensors_20260310T203638.csv
2026-03-10 20:36:40,183 - INFO - Loaded 100 rows from raw/sensors_20260310T203638.csv with columns ['timestamp', 'temperature', 'humidity', 'pressure', 'wind_speed']
2026-03-10 20:36:40,327 - INFO - Baseline loaded from s3://anomaly-detection-dp1-537124947012-us-east-1-anomaly/state/baseline.json
2026-03-10 20:36:40,328 - INFO - Baseline loaded successfully
2026-03-10 20:36:40,328 - INFO - Baseline updated for channel temperature with 100 new values
2026-03-10 20:36:40,328 - INFO - Updated baseline for column temperature with 100 values
2026-03-10 20:36:40,328 - INFO - Baseline updated for channel humidity with 100 new values
2026-03-10 20:36:40,328 - INFO - Updated baseline for column humidity with 100 values
2026-03-10 20:36:40,329 - INFO - Baseline updated for channel pressure with 100 new values
2026-03-10 20:36:40,329 - INFO - Updated baseline for column pressure with 100 values
2026-03-10 20:36:40,329 - INFO - Baseline updated for channel wind_speed with 100 new values
2026-03-10 20:36:40,329 - INFO - Updated baseline for column wind_speed with 100 values
2026-03-10 20:36:40,329 - INFO - Z-score calculation completed successfully
2026-03-10 20:36:40,330 - INFO - Z-score flags created for column temperature
2026-03-10 20:36:40,330 - INFO - Z-score calculation completed successfully
2026-03-10 20:36:40,331 - INFO - Z-score flags created for column humidity
2026-03-10 20:36:40,331 - INFO - Z-score calculation completed successfully
2026-03-10 20:36:40,332 - INFO - Z-score flags created for column pressure
2026-03-10 20:36:40,332 - INFO - Z-score calculation completed successfully
2026-03-10 20:36:40,333 - INFO - Z-score flags created for column wind_speed
2026-03-10 20:36:40,502 - INFO - Isolation Forest completed successfully
2026-03-10 20:36:40,503 - INFO - Isolation Forest fields added to result
2026-03-10 20:36:40,504 - INFO - Final anomaly flag created
2026-03-10 20:36:40,504 - INFO - Anomaly detection completed successfully
2026-03-10 20:36:40,536 - INFO - Processed CSV written to s3://anomaly-detection-dp1-537124947012-us-east-1-anomaly/processed/sensors_20260310T203638.csv
2026-03-10 20:36:40,562 - INFO - Baseline saved to s3://anomaly-detection-dp1-537124947012-us-east-1-anomaly/state/baseline.json
2026-03-10 20:36:40,562 - INFO - Baseline saved successfully
2026-03-10 20:36:40,635 - INFO - Summary JSON written to s3://anomaly-detection-dp1-537124947012-us-east-1-anomaly/processed/sensors_20260310T203638_summary.json
2026-03-10 20:36:40,635 - INFO - Processing finished for raw/sensors_20260310T203638.csv: 6/100 anomalies flagged
2026-03-10 20:37:39,634 - INFO - SNS message received
2026-03-10 20:37:39,634 - INFO - Queueing processing for s3://anomaly-detection-dp1-537124947012-us-east-1-anomaly/raw/sensors_20260310T203738.csv
2026-03-10 20:37:39,635 - INFO - Processing started for s3://anomaly-detection-dp1-537124947012-us-east-1-anomaly/raw/sensors_20260310T203738.csv
2026-03-10 20:37:39,704 - INFO - Loaded 100 rows from raw/sensors_20260310T203738.csv with columns ['timestamp', 'temperature', 'humidity', 'pressure', 'wind_speed']
2026-03-10 20:37:39,778 - INFO - Baseline loaded from s3://anomaly-detection-dp1-537124947012-us-east-1-anomaly/state/baseline.json
2026-03-10 20:37:39,778 - INFO - Baseline loaded successfully
2026-03-10 20:37:39,778 - INFO - Baseline updated for channel temperature with 100 new values
2026-03-10 20:37:39,779 - INFO - Updated baseline for column temperature with 100 values
2026-03-10 20:37:39,779 - INFO - Baseline updated for channel humidity with 100 new values
2026-03-10 20:37:39,779 - INFO - Updated baseline for column humidity with 100 values
2026-03-10 20:37:39,779 - INFO - Baseline updated for channel pressure with 100 new values
2026-03-10 20:37:39,779 - INFO - Updated baseline for column pressure with 100 values
2026-03-10 20:37:39,779 - INFO - Baseline updated for channel wind_speed with 100 new values
2026-03-10 20:37:39,779 - INFO - Updated baseline for column wind_speed with 100 values
2026-03-10 20:37:39,780 - INFO - Z-score calculation completed successfully
2026-03-10 20:37:39,780 - INFO - Z-score flags created for column temperature
2026-03-10 20:37:39,781 - INFO - Z-score calculation completed successfully
2026-03-10 20:37:39,781 - INFO - Z-score flags created for column humidity
2026-03-10 20:37:39,782 - INFO - Z-score calculation completed successfully
2026-03-10 20:37:39,782 - INFO - Z-score flags created for column pressure
2026-03-10 20:37:39,782 - INFO - Z-score calculation completed successfully
2026-03-10 20:37:39,783 - INFO - Z-score flags created for column wind_speed
2026-03-10 20:37:39,952 - INFO - Isolation Forest completed successfully
2026-03-10 20:37:39,953 - INFO - Isolation Forest fields added to result
2026-03-10 20:37:39,954 - INFO - Final anomaly flag created
2026-03-10 20:37:39,955 - INFO - Anomaly detection completed successfully
2026-03-10 20:37:39,986 - INFO - Processed CSV written to s3://anomaly-detection-dp1-537124947012-us-east-1-anomaly/processed/sensors_20260310T203738.csv
2026-03-10 20:37:40,016 - INFO - Baseline saved to s3://anomaly-detection-dp1-537124947012-us-east-1-anomaly/state/baseline.json
2026-03-10 20:37:40,016 - INFO - Baseline saved successfully
2026-03-10 20:37:40,040 - INFO - Summary JSON written to s3://anomaly-detection-dp1-537124947012-us-east-1-anomaly/processed/sensors_20260310T203738_summary.json
2026-03-10 20:37:40,040 - INFO - Processing finished for raw/sensors_20260310T203738.csv: 6/100 anomalies flagged
2026-03-10 20:38:40,250 - INFO - SNS message received
2026-03-10 20:38:40,250 - INFO - Queueing processing for s3://anomaly-detection-dp1-537124947012-us-east-1-anomaly/raw/sensors_20260310T203838.csv
2026-03-10 20:38:40,251 - INFO - Processing started for s3://anomaly-detection-dp1-537124947012-us-east-1-anomaly/raw/sensors_20260310T203838.csv
2026-03-10 20:38:40,323 - INFO - Loaded 100 rows from raw/sensors_20260310T203838.csv with columns ['timestamp', 'temperature', 'humidity', 'pressure', 'wind_speed']
2026-03-10 20:38:40,393 - INFO - Baseline loaded from s3://anomaly-detection-dp1-537124947012-us-east-1-anomaly/state/baseline.json
2026-03-10 20:38:40,393 - INFO - Baseline loaded successfully
2026-03-10 20:38:40,394 - INFO - Baseline updated for channel temperature with 100 new values
2026-03-10 20:38:40,394 - INFO - Updated baseline for column temperature with 100 values
2026-03-10 20:38:40,394 - INFO - Baseline updated for channel humidity with 100 new values
2026-03-10 20:38:40,394 - INFO - Updated baseline for column humidity with 100 values
2026-03-10 20:38:40,394 - INFO - Baseline updated for channel pressure with 100 new values
2026-03-10 20:38:40,394 - INFO - Updated baseline for column pressure with 100 values
2026-03-10 20:38:40,395 - INFO - Baseline updated for channel wind_speed with 100 new values
2026-03-10 20:38:40,395 - INFO - Updated baseline for column wind_speed with 100 values
2026-03-10 20:38:40,395 - INFO - Z-score calculation completed successfully
2026-03-10 20:38:40,396 - INFO - Z-score flags created for column temperature
2026-03-10 20:38:40,396 - INFO - Z-score calculation completed successfully
2026-03-10 20:38:40,397 - INFO - Z-score flags created for column humidity
2026-03-10 20:38:40,397 - INFO - Z-score calculation completed successfully
2026-03-10 20:38:40,398 - INFO - Z-score flags created for column pressure
2026-03-10 20:38:40,398 - INFO - Z-score calculation completed successfully
2026-03-10 20:38:40,398 - INFO - Z-score flags created for column wind_speed
2026-03-10 20:38:40,565 - INFO - Isolation Forest completed successfully
2026-03-10 20:38:40,567 - INFO - Isolation Forest fields added to result
2026-03-10 20:38:40,568 - INFO - Final anomaly flag created
2026-03-10 20:38:40,569 - INFO - Anomaly detection completed successfully
2026-03-10 20:38:40,661 - INFO - Processed CSV written to s3://anomaly-detection-dp1-537124947012-us-east-1-anomaly/processed/sensors_20260310T203838.csv
2026-03-10 20:38:40,689 - INFO - Baseline saved to s3://anomaly-detection-dp1-537124947012-us-east-1-anomaly/state/baseline.json
2026-03-10 20:38:40,689 - INFO - Baseline saved successfully
2026-03-10 20:38:40,715 - INFO - Summary JSON written to s3://anomaly-detection-dp1-537124947012-us-east-1-anomaly/processed/sensors_20260310T203838_summary.json
2026-03-10 20:38:40,715 - INFO - Processing finished for raw/sensors_20260310T203838.csv: 6/100 anomalies flagged
2026-03-10 20:39:40,486 - INFO - SNS message received
2026-03-10 20:39:40,486 - INFO - Queueing processing for s3://anomaly-detection-dp1-537124947012-us-east-1-anomaly/raw/sensors_20260310T203939.csv
2026-03-10 20:39:40,487 - INFO - Processing started for s3://anomaly-detection-dp1-537124947012-us-east-1-anomaly/raw/sensors_20260310T203939.csv
2026-03-10 20:39:40,559 - INFO - Loaded 100 rows from raw/sensors_20260310T203939.csv with columns ['timestamp', 'temperature', 'humidity', 'pressure', 'wind_speed']
2026-03-10 20:39:40,630 - INFO - Baseline loaded from s3://anomaly-detection-dp1-537124947012-us-east-1-anomaly/state/baseline.json
2026-03-10 20:39:40,630 - INFO - Baseline loaded successfully
2026-03-10 20:39:40,631 - INFO - Baseline updated for channel temperature with 100 new values
2026-03-10 20:39:40,631 - INFO - Updated baseline for column temperature with 100 values
2026-03-10 20:39:40,631 - INFO - Baseline updated for channel humidity with 100 new values
2026-03-10 20:39:40,631 - INFO - Updated baseline for column humidity with 100 values
2026-03-10 20:39:40,631 - INFO - Baseline updated for channel pressure with 100 new values
2026-03-10 20:39:40,631 - INFO - Updated baseline for column pressure with 100 values
2026-03-10 20:39:40,632 - INFO - Baseline updated for channel wind_speed with 100 new values
2026-03-10 20:39:40,632 - INFO - Updated baseline for column wind_speed with 100 values
2026-03-10 20:39:40,632 - INFO - Z-score calculation completed successfully
2026-03-10 20:39:40,633 - INFO - Z-score flags created for column temperature
2026-03-10 20:39:40,633 - INFO - Z-score calculation completed successfully
2026-03-10 20:39:40,634 - INFO - Z-score flags created for column humidity
2026-03-10 20:39:40,634 - INFO - Z-score calculation completed successfully
2026-03-10 20:39:40,635 - INFO - Z-score flags created for column pressure
2026-03-10 20:39:40,635 - INFO - Z-score calculation completed successfully
2026-03-10 20:39:40,636 - INFO - Z-score flags created for column wind_speed
2026-03-10 20:39:40,804 - INFO - Isolation Forest completed successfully
2026-03-10 20:39:40,805 - INFO - Isolation Forest fields added to result
2026-03-10 20:39:40,807 - INFO - Final anomaly flag created
2026-03-10 20:39:40,807 - INFO - Anomaly detection completed successfully
2026-03-10 20:39:40,846 - INFO - Processed CSV written to s3://anomaly-detection-dp1-537124947012-us-east-1-anomaly/processed/sensors_20260310T203939.csv
2026-03-10 20:39:40,879 - INFO - Baseline saved to s3://anomaly-detection-dp1-537124947012-us-east-1-anomaly/state/baseline.json
2026-03-10 20:39:40,879 - INFO - Baseline saved successfully
2026-03-10 20:39:40,908 - INFO - Summary JSON written to s3://anomaly-detection-dp1-537124947012-us-east-1-anomaly/processed/sensors_20260310T203939_summary.json
2026-03-10 20:39:40,909 - INFO - Processing finished for raw/sensors_20260310T203939.csv: 6/100 anomalies flagged
2026-03-10 20:40:40,199 - INFO - SNS message received
2026-03-10 20:40:40,200 - INFO - Queueing processing for s3://anomaly-detection-dp1-537124947012-us-east-1-anomaly/raw/sensors_20260310T204039.csv
2026-03-10 20:40:40,201 - INFO - Processing started for s3://anomaly-detection-dp1-537124947012-us-east-1-anomaly/raw/sensors_20260310T204039.csv
2026-03-10 20:40:40,276 - INFO - Loaded 100 rows from raw/sensors_20260310T204039.csv with columns ['timestamp', 'temperature', 'humidity', 'pressure', 'wind_speed']
2026-03-10 20:40:40,347 - INFO - Baseline loaded from s3://anomaly-detection-dp1-537124947012-us-east-1-anomaly/state/baseline.json
2026-03-10 20:40:40,347 - INFO - Baseline loaded successfully
2026-03-10 20:40:40,348 - INFO - Baseline updated for channel temperature with 100 new values
2026-03-10 20:40:40,348 - INFO - Updated baseline for column temperature with 100 values
2026-03-10 20:40:40,348 - INFO - Baseline updated for channel humidity with 100 new values
2026-03-10 20:40:40,348 - INFO - Updated baseline for column humidity with 100 values
2026-03-10 20:40:40,348 - INFO - Baseline updated for channel pressure with 100 new values
2026-03-10 20:40:40,348 - INFO - Updated baseline for column pressure with 100 values
2026-03-10 20:40:40,349 - INFO - Baseline updated for channel wind_speed with 100 new values
2026-03-10 20:40:40,349 - INFO - Updated baseline for column wind_speed with 100 values
2026-03-10 20:40:40,349 - INFO - Z-score calculation completed successfully
2026-03-10 20:40:40,350 - INFO - Z-score flags created for column temperature
2026-03-10 20:40:40,350 - INFO - Z-score calculation completed successfully
2026-03-10 20:40:40,351 - INFO - Z-score flags created for column humidity
2026-03-10 20:40:40,351 - INFO - Z-score calculation completed successfully
2026-03-10 20:40:40,352 - INFO - Z-score flags created for column pressure
2026-03-10 20:40:40,352 - INFO - Z-score calculation completed successfully
2026-03-10 20:40:40,352 - INFO - Z-score flags created for column wind_speed
2026-03-10 20:40:40,522 - INFO - Isolation Forest completed successfully
2026-03-10 20:40:40,523 - INFO - Isolation Forest fields added to result
2026-03-10 20:40:40,524 - INFO - Final anomaly flag created
2026-03-10 20:40:40,524 - INFO - Anomaly detection completed successfully
2026-03-10 20:40:40,553 - INFO - Processed CSV written to s3://anomaly-detection-dp1-537124947012-us-east-1-anomaly/processed/sensors_20260310T204039.csv
2026-03-10 20:40:40,579 - INFO - Baseline saved to s3://anomaly-detection-dp1-537124947012-us-east-1-anomaly/state/baseline.json
2026-03-10 20:40:40,579 - INFO - Baseline saved successfully
2026-03-10 20:40:40,604 - INFO - Summary JSON written to s3://anomaly-detection-dp1-537124947012-us-east-1-anomaly/processed/sensors_20260310T204039_summary.json
2026-03-10 20:40:40,604 - INFO - Processing finished for raw/sensors_20260310T204039.csv: 5/100 anomalies flagged
2026-03-10 20:41:40,629 - INFO - SNS message received
2026-03-10 20:41:40,629 - INFO - Queueing processing for s3://anomaly-detection-dp1-537124947012-us-east-1-anomaly/raw/sensors_20260310T204139.csv
2026-03-10 20:41:40,630 - INFO - Processing started for s3://anomaly-detection-dp1-537124947012-us-east-1-anomaly/raw/sensors_20260310T204139.csv
2026-03-10 20:41:40,701 - INFO - Loaded 100 rows from raw/sensors_20260310T204139.csv with columns ['timestamp', 'temperature', 'humidity', 'pressure', 'wind_speed']
2026-03-10 20:41:40,775 - INFO - Baseline loaded from s3://anomaly-detection-dp1-537124947012-us-east-1-anomaly/state/baseline.json
2026-03-10 20:41:40,775 - INFO - Baseline loaded successfully
2026-03-10 20:41:40,776 - INFO - Baseline updated for channel temperature with 100 new values
2026-03-10 20:41:40,776 - INFO - Updated baseline for column temperature with 100 values
2026-03-10 20:41:40,776 - INFO - Baseline updated for channel humidity with 100 new values
2026-03-10 20:41:40,776 - INFO - Updated baseline for column humidity with 100 values
2026-03-10 20:41:40,776 - INFO - Baseline updated for channel pressure with 100 new values
2026-03-10 20:41:40,776 - INFO - Updated baseline for column pressure with 100 values
2026-03-10 20:41:40,777 - INFO - Baseline updated for channel wind_speed with 100 new values
2026-03-10 20:41:40,777 - INFO - Updated baseline for column wind_speed with 100 values
2026-03-10 20:41:40,777 - INFO - Z-score calculation completed successfully
2026-03-10 20:41:40,778 - INFO - Z-score flags created for column temperature
2026-03-10 20:41:40,778 - INFO - Z-score calculation completed successfully
2026-03-10 20:41:40,779 - INFO - Z-score flags created for column humidity
2026-03-10 20:41:40,779 - INFO - Z-score calculation completed successfully
2026-03-10 20:41:40,780 - INFO - Z-score flags created for column pressure
2026-03-10 20:41:40,780 - INFO - Z-score calculation completed successfully
2026-03-10 20:41:40,780 - INFO - Z-score flags created for column wind_speed
2026-03-10 20:41:40,951 - INFO - Isolation Forest completed successfully
2026-03-10 20:41:40,952 - INFO - Isolation Forest fields added to result
2026-03-10 20:41:40,953 - INFO - Final anomaly flag created
2026-03-10 20:41:40,953 - INFO - Anomaly detection completed successfully
2026-03-10 20:41:40,985 - INFO - Processed CSV written to s3://anomaly-detection-dp1-537124947012-us-east-1-anomaly/processed/sensors_20260310T204139.csv
2026-03-10 20:41:41,025 - INFO - Baseline saved to s3://anomaly-detection-dp1-537124947012-us-east-1-anomaly/state/baseline.json
2026-03-10 20:41:41,025 - INFO - Baseline saved successfully
2026-03-10 20:41:41,052 - INFO - Summary JSON written to s3://anomaly-detection-dp1-537124947012-us-east-1-anomaly/processed/sensors_20260310T204139_summary.json
2026-03-10 20:41:41,052 - INFO - Processing finished for raw/sensors_20260310T204139.csv: 6/100 anomalies flagged
2026-03-10 20:42:41,282 - INFO - SNS message received
2026-03-10 20:42:41,282 - INFO - Queueing processing for s3://anomaly-detection-dp1-537124947012-us-east-1-anomaly/raw/sensors_20260310T204239.csv
2026-03-10 20:42:41,283 - INFO - Processing started for s3://anomaly-detection-dp1-537124947012-us-east-1-anomaly/raw/sensors_20260310T204239.csv
2026-03-10 20:42:41,399 - INFO - Loaded 100 rows from raw/sensors_20260310T204239.csv with columns ['timestamp', 'temperature', 'humidity', 'pressure', 'wind_speed']
2026-03-10 20:42:41,487 - INFO - Baseline loaded from s3://anomaly-detection-dp1-537124947012-us-east-1-anomaly/state/baseline.json
2026-03-10 20:42:41,487 - INFO - Baseline loaded successfully
2026-03-10 20:42:41,488 - INFO - Baseline updated for channel temperature with 100 new values
2026-03-10 20:42:41,488 - INFO - Updated baseline for column temperature with 100 values
2026-03-10 20:42:41,488 - INFO - Baseline updated for channel humidity with 100 new values
2026-03-10 20:42:41,488 - INFO - Updated baseline for column humidity with 100 values
2026-03-10 20:42:41,489 - INFO - Baseline updated for channel pressure with 100 new values
2026-03-10 20:42:41,489 - INFO - Updated baseline for column pressure with 100 values
2026-03-10 20:42:41,489 - INFO - Baseline updated for channel wind_speed with 100 new values
2026-03-10 20:42:41,489 - INFO - Updated baseline for column wind_speed with 100 values
2026-03-10 20:42:41,489 - INFO - Z-score calculation completed successfully
2026-03-10 20:42:41,490 - INFO - Z-score flags created for column temperature
2026-03-10 20:42:41,490 - INFO - Z-score calculation completed successfully
2026-03-10 20:42:41,491 - INFO - Z-score flags created for column humidity
2026-03-10 20:42:41,491 - INFO - Z-score calculation completed successfully
2026-03-10 20:42:41,492 - INFO - Z-score flags created for column pressure
2026-03-10 20:42:41,492 - INFO - Z-score calculation completed successfully
2026-03-10 20:42:41,492 - INFO - Z-score flags created for column wind_speed
2026-03-10 20:42:41,660 - INFO - Isolation Forest completed successfully
2026-03-10 20:42:41,661 - INFO - Isolation Forest fields added to result
2026-03-10 20:42:41,662 - INFO - Final anomaly flag created
2026-03-10 20:42:41,662 - INFO - Anomaly detection completed successfully
2026-03-10 20:42:41,704 - INFO - Processed CSV written to s3://anomaly-detection-dp1-537124947012-us-east-1-anomaly/processed/sensors_20260310T204239.csv
2026-03-10 20:42:41,770 - INFO - Baseline saved to s3://anomaly-detection-dp1-537124947012-us-east-1-anomaly/state/baseline.json
2026-03-10 20:42:41,770 - INFO - Baseline saved successfully
2026-03-10 20:42:41,828 - INFO - Summary JSON written to s3://anomaly-detection-dp1-537124947012-us-east-1-anomaly/processed/sensors_20260310T204239_summary.json
2026-03-10 20:42:41,828 - INFO - Processing finished for raw/sensors_20260310T204239.csv: 6/100 anomalies flagged
2026-03-10 20:43:40,843 - INFO - SNS message received
2026-03-10 20:43:40,843 - INFO - Queueing processing for s3://anomaly-detection-dp1-537124947012-us-east-1-anomaly/raw/sensors_20260310T204340.csv
2026-03-10 20:43:40,844 - INFO - Processing started for s3://anomaly-detection-dp1-537124947012-us-east-1-anomaly/raw/sensors_20260310T204340.csv
2026-03-10 20:43:40,920 - INFO - Loaded 100 rows from raw/sensors_20260310T204340.csv with columns ['timestamp', 'temperature', 'humidity', 'pressure', 'wind_speed']
2026-03-10 20:43:40,998 - INFO - Baseline loaded from s3://anomaly-detection-dp1-537124947012-us-east-1-anomaly/state/baseline.json
2026-03-10 20:43:40,998 - INFO - Baseline loaded successfully
2026-03-10 20:43:40,998 - INFO - Baseline updated for channel temperature with 100 new values
2026-03-10 20:43:40,998 - INFO - Updated baseline for column temperature with 100 values
2026-03-10 20:43:40,998 - INFO - Baseline updated for channel humidity with 100 new values
2026-03-10 20:43:40,998 - INFO - Updated baseline for column humidity with 100 values
2026-03-10 20:43:40,999 - INFO - Baseline updated for channel pressure with 100 new values
2026-03-10 20:43:40,999 - INFO - Updated baseline for column pressure with 100 values
2026-03-10 20:43:40,999 - INFO - Baseline updated for channel wind_speed with 100 new values
2026-03-10 20:43:40,999 - INFO - Updated baseline for column wind_speed with 100 values
2026-03-10 20:43:40,999 - INFO - Z-score calculation completed successfully
2026-03-10 20:43:41,000 - INFO - Z-score flags created for column temperature
2026-03-10 20:43:41,000 - INFO - Z-score calculation completed successfully
2026-03-10 20:43:41,001 - INFO - Z-score flags created for column humidity
2026-03-10 20:43:41,001 - INFO - Z-score calculation completed successfully
2026-03-10 20:43:41,002 - INFO - Z-score flags created for column pressure
2026-03-10 20:43:41,002 - INFO - Z-score calculation completed successfully
2026-03-10 20:43:41,002 - INFO - Z-score flags created for column wind_speed
2026-03-10 20:43:41,170 - INFO - Isolation Forest completed successfully
2026-03-10 20:43:41,171 - INFO - Isolation Forest fields added to result
2026-03-10 20:43:41,173 - INFO - Final anomaly flag created
2026-03-10 20:43:41,173 - INFO - Anomaly detection completed successfully
2026-03-10 20:43:41,206 - INFO - Processed CSV written to s3://anomaly-detection-dp1-537124947012-us-east-1-anomaly/processed/sensors_20260310T204340.csv
2026-03-10 20:43:41,237 - INFO - Baseline saved to s3://anomaly-detection-dp1-537124947012-us-east-1-anomaly/state/baseline.json
2026-03-10 20:43:41,237 - INFO - Baseline saved successfully
2026-03-10 20:43:41,259 - INFO - Summary JSON written to s3://anomaly-detection-dp1-537124947012-us-east-1-anomaly/processed/sensors_20260310T204340_summary.json
2026-03-10 20:43:41,259 - INFO - Processing finished for raw/sensors_20260310T204340.csv: 6/100 anomalies flagged
2026-03-10 20:44:41,208 - INFO - SNS message received
2026-03-10 20:44:41,208 - INFO - Queueing processing for s3://anomaly-detection-dp1-537124947012-us-east-1-anomaly/raw/sensors_20260310T204440.csv
2026-03-10 20:44:41,209 - INFO - Processing started for s3://anomaly-detection-dp1-537124947012-us-east-1-anomaly/raw/sensors_20260310T204440.csv
2026-03-10 20:44:41,284 - INFO - Loaded 100 rows from raw/sensors_20260310T204440.csv with columns ['timestamp', 'temperature', 'humidity', 'pressure', 'wind_speed']
2026-03-10 20:44:41,412 - INFO - Baseline loaded from s3://anomaly-detection-dp1-537124947012-us-east-1-anomaly/state/baseline.json
2026-03-10 20:44:41,412 - INFO - Baseline loaded successfully
2026-03-10 20:44:41,413 - INFO - Baseline updated for channel temperature with 100 new values
2026-03-10 20:44:41,413 - INFO - Updated baseline for column temperature with 100 values
2026-03-10 20:44:41,413 - INFO - Baseline updated for channel humidity with 100 new values
2026-03-10 20:44:41,413 - INFO - Updated baseline for column humidity with 100 values
2026-03-10 20:44:41,413 - INFO - Baseline updated for channel pressure with 100 new values
2026-03-10 20:44:41,413 - INFO - Updated baseline for column pressure with 100 values
2026-03-10 20:44:41,414 - INFO - Baseline updated for channel wind_speed with 100 new values
2026-03-10 20:44:41,414 - INFO - Updated baseline for column wind_speed with 100 values
2026-03-10 20:44:41,414 - INFO - Z-score calculation completed successfully
2026-03-10 20:44:41,415 - INFO - Z-score flags created for column temperature
2026-03-10 20:44:41,415 - INFO - Z-score calculation completed successfully
2026-03-10 20:44:41,415 - INFO - Z-score flags created for column humidity
2026-03-10 20:44:41,416 - INFO - Z-score calculation completed successfully
2026-03-10 20:44:41,416 - INFO - Z-score flags created for column pressure
2026-03-10 20:44:41,417 - INFO - Z-score calculation completed successfully
2026-03-10 20:44:41,417 - INFO - Z-score flags created for column wind_speed
2026-03-10 20:44:41,585 - INFO - Isolation Forest completed successfully
2026-03-10 20:44:41,586 - INFO - Isolation Forest fields added to result
2026-03-10 20:44:41,587 - INFO - Final anomaly flag created
2026-03-10 20:44:41,587 - INFO - Anomaly detection completed successfully
2026-03-10 20:44:41,614 - INFO - Processed CSV written to s3://anomaly-detection-dp1-537124947012-us-east-1-anomaly/processed/sensors_20260310T204440.csv
2026-03-10 20:44:41,640 - INFO - Baseline saved to s3://anomaly-detection-dp1-537124947012-us-east-1-anomaly/state/baseline.json
2026-03-10 20:44:41,640 - INFO - Baseline saved successfully
2026-03-10 20:44:41,672 - INFO - Summary JSON written to s3://anomaly-detection-dp1-537124947012-us-east-1-anomaly/processed/sensors_20260310T204440_summary.json
2026-03-10 20:44:41,672 - INFO - Processing finished for raw/sensors_20260310T204440.csv: 5/100 anomalies flagged
2026-03-10 20:45:41,792 - INFO - SNS message received
2026-03-10 20:45:41,792 - INFO - Queueing processing for s3://anomaly-detection-dp1-537124947012-us-east-1-anomaly/raw/sensors_20260310T204540.csv
2026-03-10 20:45:41,793 - INFO - Processing started for s3://anomaly-detection-dp1-537124947012-us-east-1-anomaly/raw/sensors_20260310T204540.csv
2026-03-10 20:45:41,874 - INFO - Loaded 100 rows from raw/sensors_20260310T204540.csv with columns ['timestamp', 'temperature', 'humidity', 'pressure', 'wind_speed']
2026-03-10 20:45:42,002 - INFO - Baseline loaded from s3://anomaly-detection-dp1-537124947012-us-east-1-anomaly/state/baseline.json
2026-03-10 20:45:42,002 - INFO - Baseline loaded successfully
2026-03-10 20:45:42,002 - INFO - Baseline updated for channel temperature with 100 new values
2026-03-10 20:45:42,002 - INFO - Updated baseline for column temperature with 100 values
2026-03-10 20:45:42,003 - INFO - Baseline updated for channel humidity with 100 new values
2026-03-10 20:45:42,003 - INFO - Updated baseline for column humidity with 100 values
2026-03-10 20:45:42,003 - INFO - Baseline updated for channel pressure with 100 new values
2026-03-10 20:45:42,003 - INFO - Updated baseline for column pressure with 100 values
2026-03-10 20:45:42,003 - INFO - Baseline updated for channel wind_speed with 100 new values
2026-03-10 20:45:42,003 - INFO - Updated baseline for column wind_speed with 100 values
2026-03-10 20:45:42,004 - INFO - Z-score calculation completed successfully
2026-03-10 20:45:42,004 - INFO - Z-score flags created for column temperature
2026-03-10 20:45:42,005 - INFO - Z-score calculation completed successfully
2026-03-10 20:45:42,005 - INFO - Z-score flags created for column humidity
2026-03-10 20:45:42,006 - INFO - Z-score calculation completed successfully
2026-03-10 20:45:42,006 - INFO - Z-score flags created for column pressure
2026-03-10 20:45:42,006 - INFO - Z-score calculation completed successfully
2026-03-10 20:45:42,007 - INFO - Z-score flags created for column wind_speed
2026-03-10 20:45:42,174 - INFO - Isolation Forest completed successfully
2026-03-10 20:45:42,176 - INFO - Isolation Forest fields added to result
2026-03-10 20:45:42,177 - INFO - Final anomaly flag created
2026-03-10 20:45:42,177 - INFO - Anomaly detection completed successfully
2026-03-10 20:45:42,209 - INFO - Processed CSV written to s3://anomaly-detection-dp1-537124947012-us-east-1-anomaly/processed/sensors_20260310T204540.csv
2026-03-10 20:45:42,239 - INFO - Baseline saved to s3://anomaly-detection-dp1-537124947012-us-east-1-anomaly/state/baseline.json
2026-03-10 20:45:42,239 - INFO - Baseline saved successfully
2026-03-10 20:45:42,266 - INFO - Summary JSON written to s3://anomaly-detection-dp1-537124947012-us-east-1-anomaly/processed/sensors_20260310T204540_summary.json
2026-03-10 20:45:42,266 - INFO - Processing finished for raw/sensors_20260310T204540.csv: 5/100 anomalies flagged
2026-03-10 20:46:41,635 - INFO - SNS message received
2026-03-10 20:46:41,636 - INFO - Queueing processing for s3://anomaly-detection-dp1-537124947012-us-east-1-anomaly/raw/sensors_20260310T204640.csv
2026-03-10 20:46:41,637 - INFO - Processing started for s3://anomaly-detection-dp1-537124947012-us-east-1-anomaly/raw/sensors_20260310T204640.csv
2026-03-10 20:46:41,705 - INFO - Loaded 100 rows from raw/sensors_20260310T204640.csv with columns ['timestamp', 'temperature', 'humidity', 'pressure', 'wind_speed']
2026-03-10 20:46:41,777 - INFO - Baseline loaded from s3://anomaly-detection-dp1-537124947012-us-east-1-anomaly/state/baseline.json
2026-03-10 20:46:41,778 - INFO - Baseline loaded successfully
2026-03-10 20:46:41,778 - INFO - Baseline updated for channel temperature with 100 new values
2026-03-10 20:46:41,778 - INFO - Updated baseline for column temperature with 100 values
2026-03-10 20:46:41,778 - INFO - Baseline updated for channel humidity with 100 new values
2026-03-10 20:46:41,778 - INFO - Updated baseline for column humidity with 100 values
2026-03-10 20:46:41,779 - INFO - Baseline updated for channel pressure with 100 new values
2026-03-10 20:46:41,779 - INFO - Updated baseline for column pressure with 100 values
2026-03-10 20:46:41,779 - INFO - Baseline updated for channel wind_speed with 100 new values
2026-03-10 20:46:41,779 - INFO - Updated baseline for column wind_speed with 100 values
2026-03-10 20:46:41,779 - INFO - Z-score calculation completed successfully
2026-03-10 20:46:41,780 - INFO - Z-score flags created for column temperature
2026-03-10 20:46:41,780 - INFO - Z-score calculation completed successfully
2026-03-10 20:46:41,781 - INFO - Z-score flags created for column humidity
2026-03-10 20:46:41,781 - INFO - Z-score calculation completed successfully
2026-03-10 20:46:41,782 - INFO - Z-score flags created for column pressure
2026-03-10 20:46:41,782 - INFO - Z-score calculation completed successfully
2026-03-10 20:46:41,782 - INFO - Z-score flags created for column wind_speed
2026-03-10 20:46:41,953 - INFO - Isolation Forest completed successfully
2026-03-10 20:46:41,954 - INFO - Isolation Forest fields added to result
2026-03-10 20:46:41,955 - INFO - Final anomaly flag created
2026-03-10 20:46:41,955 - INFO - Anomaly detection completed successfully
2026-03-10 20:46:41,985 - INFO - Processed CSV written to s3://anomaly-detection-dp1-537124947012-us-east-1-anomaly/processed/sensors_20260310T204640.csv
2026-03-10 20:46:42,015 - INFO - Baseline saved to s3://anomaly-detection-dp1-537124947012-us-east-1-anomaly/state/baseline.json
2026-03-10 20:46:42,015 - INFO - Baseline saved successfully
2026-03-10 20:46:42,038 - INFO - Summary JSON written to s3://anomaly-detection-dp1-537124947012-us-east-1-anomaly/processed/sensors_20260310T204640_summary.json
2026-03-10 20:46:42,038 - INFO - Processing finished for raw/sensors_20260310T204640.csv: 5/100 anomalies flagged
2026-03-10 20:47:42,123 - INFO - SNS message received
2026-03-10 20:47:42,123 - INFO - Queueing processing for s3://anomaly-detection-dp1-537124947012-us-east-1-anomaly/raw/sensors_20260310T204740.csv
2026-03-10 20:47:42,124 - INFO - Processing started for s3://anomaly-detection-dp1-537124947012-us-east-1-anomaly/raw/sensors_20260310T204740.csv
2026-03-10 20:47:42,204 - INFO - Loaded 100 rows from raw/sensors_20260310T204740.csv with columns ['timestamp', 'temperature', 'humidity', 'pressure', 'wind_speed']
2026-03-10 20:47:42,279 - INFO - Baseline loaded from s3://anomaly-detection-dp1-537124947012-us-east-1-anomaly/state/baseline.json
2026-03-10 20:47:42,279 - INFO - Baseline loaded successfully
2026-03-10 20:47:42,279 - INFO - Baseline updated for channel temperature with 100 new values
2026-03-10 20:47:42,279 - INFO - Updated baseline for column temperature with 100 values
2026-03-10 20:47:42,279 - INFO - Baseline updated for channel humidity with 100 new values
2026-03-10 20:47:42,279 - INFO - Updated baseline for column humidity with 100 values
2026-03-10 20:47:42,280 - INFO - Baseline updated for channel pressure with 100 new values
2026-03-10 20:47:42,280 - INFO - Updated baseline for column pressure with 100 values
2026-03-10 20:47:42,280 - INFO - Baseline updated for channel wind_speed with 100 new values
2026-03-10 20:47:42,280 - INFO - Updated baseline for column wind_speed with 100 values
2026-03-10 20:47:42,281 - INFO - Z-score calculation completed successfully
2026-03-10 20:47:42,281 - INFO - Z-score flags created for column temperature
2026-03-10 20:47:42,281 - INFO - Z-score calculation completed successfully
2026-03-10 20:47:42,282 - INFO - Z-score flags created for column humidity
2026-03-10 20:47:42,282 - INFO - Z-score calculation completed successfully
2026-03-10 20:47:42,283 - INFO - Z-score flags created for column pressure
2026-03-10 20:47:42,283 - INFO - Z-score calculation completed successfully
2026-03-10 20:47:42,284 - INFO - Z-score flags created for column wind_speed
2026-03-10 20:47:42,450 - INFO - Isolation Forest completed successfully
2026-03-10 20:47:42,451 - INFO - Isolation Forest fields added to result
2026-03-10 20:47:42,453 - INFO - Final anomaly flag created
2026-03-10 20:47:42,453 - INFO - Anomaly detection completed successfully
2026-03-10 20:47:42,486 - INFO - Processed CSV written to s3://anomaly-detection-dp1-537124947012-us-east-1-anomaly/processed/sensors_20260310T204740.csv
2026-03-10 20:47:42,537 - INFO - Baseline saved to s3://anomaly-detection-dp1-537124947012-us-east-1-anomaly/state/baseline.json
2026-03-10 20:47:42,538 - INFO - Baseline saved successfully
2026-03-10 20:47:42,568 - INFO - Summary JSON written to s3://anomaly-detection-dp1-537124947012-us-east-1-anomaly/processed/sensors_20260310T204740_summary.json
2026-03-10 20:47:42,568 - INFO - Processing finished for raw/sensors_20260310T204740.csv: 5/100 anomalies flagged
2026-03-10 20:48:42,463 - INFO - SNS message received
2026-03-10 20:48:42,463 - INFO - Queueing processing for s3://anomaly-detection-dp1-537124947012-us-east-1-anomaly/raw/sensors_20260310T204841.csv
2026-03-10 20:48:42,464 - INFO - Processing started for s3://anomaly-detection-dp1-537124947012-us-east-1-anomaly/raw/sensors_20260310T204841.csv
2026-03-10 20:48:42,548 - INFO - Loaded 100 rows from raw/sensors_20260310T204841.csv with columns ['timestamp', 'temperature', 'humidity', 'pressure', 'wind_speed']
2026-03-10 20:48:42,641 - INFO - Baseline loaded from s3://anomaly-detection-dp1-537124947012-us-east-1-anomaly/state/baseline.json
2026-03-10 20:48:42,641 - INFO - Baseline loaded successfully
2026-03-10 20:48:42,642 - INFO - Baseline updated for channel temperature with 100 new values
2026-03-10 20:48:42,642 - INFO - Updated baseline for column temperature with 100 values
2026-03-10 20:48:42,642 - INFO - Baseline updated for channel humidity with 100 new values
2026-03-10 20:48:42,642 - INFO - Updated baseline for column humidity with 100 values
2026-03-10 20:48:42,642 - INFO - Baseline updated for channel pressure with 100 new values
2026-03-10 20:48:42,642 - INFO - Updated baseline for column pressure with 100 values
2026-03-10 20:48:42,643 - INFO - Baseline updated for channel wind_speed with 100 new values
2026-03-10 20:48:42,643 - INFO - Updated baseline for column wind_speed with 100 values
2026-03-10 20:48:42,643 - INFO - Z-score calculation completed successfully
2026-03-10 20:48:42,644 - INFO - Z-score flags created for column temperature
2026-03-10 20:48:42,644 - INFO - Z-score calculation completed successfully
2026-03-10 20:48:42,645 - INFO - Z-score flags created for column humidity
2026-03-10 20:48:42,645 - INFO - Z-score calculation completed successfully
2026-03-10 20:48:42,646 - INFO - Z-score flags created for column pressure
2026-03-10 20:48:42,646 - INFO - Z-score calculation completed successfully
2026-03-10 20:48:42,647 - INFO - Z-score flags created for column wind_speed
2026-03-10 20:48:42,814 - INFO - Isolation Forest completed successfully
2026-03-10 20:48:42,815 - INFO - Isolation Forest fields added to result
2026-03-10 20:48:42,816 - INFO - Final anomaly flag created
2026-03-10 20:48:42,816 - INFO - Anomaly detection completed successfully
2026-03-10 20:48:42,847 - INFO - Processed CSV written to s3://anomaly-detection-dp1-537124947012-us-east-1-anomaly/processed/sensors_20260310T204841.csv
2026-03-10 20:48:42,882 - INFO - Baseline saved to s3://anomaly-detection-dp1-537124947012-us-east-1-anomaly/state/baseline.json
2026-03-10 20:48:42,882 - INFO - Baseline saved successfully
2026-03-10 20:48:42,917 - INFO - Summary JSON written to s3://anomaly-detection-dp1-537124947012-us-east-1-anomaly/processed/sensors_20260310T204841_summary.json
2026-03-10 20:48:42,917 - INFO - Processing finished for raw/sensors_20260310T204841.csv: 5/100 anomalies flagged
2026-03-10 20:49:42,899 - INFO - SNS message received
2026-03-10 20:49:42,899 - INFO - Queueing processing for s3://anomaly-detection-dp1-537124947012-us-east-1-anomaly/raw/sensors_20260310T204941.csv
2026-03-10 20:49:42,900 - INFO - Processing started for s3://anomaly-detection-dp1-537124947012-us-east-1-anomaly/raw/sensors_20260310T204941.csv
2026-03-10 20:49:42,975 - INFO - Loaded 100 rows from raw/sensors_20260310T204941.csv with columns ['timestamp', 'temperature', 'humidity', 'pressure', 'wind_speed']
2026-03-10 20:49:43,058 - INFO - Baseline loaded from s3://anomaly-detection-dp1-537124947012-us-east-1-anomaly/state/baseline.json
2026-03-10 20:49:43,058 - INFO - Baseline loaded successfully
2026-03-10 20:49:43,058 - INFO - Baseline updated for channel temperature with 100 new values
2026-03-10 20:49:43,059 - INFO - Updated baseline for column temperature with 100 values
2026-03-10 20:49:43,059 - INFO - Baseline updated for channel humidity with 100 new values
2026-03-10 20:49:43,059 - INFO - Updated baseline for column humidity with 100 values
2026-03-10 20:49:43,059 - INFO - Baseline updated for channel pressure with 100 new values
2026-03-10 20:49:43,059 - INFO - Updated baseline for column pressure with 100 values
2026-03-10 20:49:43,059 - INFO - Baseline updated for channel wind_speed with 100 new values
2026-03-10 20:49:43,059 - INFO - Updated baseline for column wind_speed with 100 values
2026-03-10 20:49:43,060 - INFO - Z-score calculation completed successfully
2026-03-10 20:49:43,060 - INFO - Z-score flags created for column temperature
2026-03-10 20:49:43,061 - INFO - Z-score calculation completed successfully
2026-03-10 20:49:43,061 - INFO - Z-score flags created for column humidity
2026-03-10 20:49:43,061 - INFO - Z-score calculation completed successfully
2026-03-10 20:49:43,062 - INFO - Z-score flags created for column pressure
2026-03-10 20:49:43,062 - INFO - Z-score calculation completed successfully
2026-03-10 20:49:43,063 - INFO - Z-score flags created for column wind_speed
2026-03-10 20:49:43,234 - INFO - Isolation Forest completed successfully
2026-03-10 20:49:43,235 - INFO - Isolation Forest fields added to result
2026-03-10 20:49:43,236 - INFO - Final anomaly flag created
2026-03-10 20:49:43,236 - INFO - Anomaly detection completed successfully
2026-03-10 20:49:43,268 - INFO - Processed CSV written to s3://anomaly-detection-dp1-537124947012-us-east-1-anomaly/processed/sensors_20260310T204941.csv
2026-03-10 20:49:43,300 - INFO - Baseline saved to s3://anomaly-detection-dp1-537124947012-us-east-1-anomaly/state/baseline.json
2026-03-10 20:49:43,301 - INFO - Baseline saved successfully
2026-03-10 20:49:43,327 - INFO - Summary JSON written to s3://anomaly-detection-dp1-537124947012-us-east-1-anomaly/processed/sensors_20260310T204941_summary.json
2026-03-10 20:49:43,327 - INFO - Processing finished for raw/sensors_20260310T204941.csv: 5/100 anomalies flagged
2026-03-10 20:50:42,605 - INFO - SNS message received
2026-03-10 20:50:42,605 - INFO - Queueing processing for s3://anomaly-detection-dp1-537124947012-us-east-1-anomaly/raw/sensors_20260310T205041.csv
2026-03-10 20:50:42,606 - INFO - Processing started for s3://anomaly-detection-dp1-537124947012-us-east-1-anomaly/raw/sensors_20260310T205041.csv
2026-03-10 20:50:42,680 - INFO - Loaded 100 rows from raw/sensors_20260310T205041.csv with columns ['timestamp', 'temperature', 'humidity', 'pressure', 'wind_speed']
2026-03-10 20:50:42,750 - INFO - Baseline loaded from s3://anomaly-detection-dp1-537124947012-us-east-1-anomaly/state/baseline.json
2026-03-10 20:50:42,750 - INFO - Baseline loaded successfully
2026-03-10 20:50:42,751 - INFO - Baseline updated for channel temperature with 100 new values
2026-03-10 20:50:42,751 - INFO - Updated baseline for column temperature with 100 values
2026-03-10 20:50:42,751 - INFO - Baseline updated for channel humidity with 100 new values
2026-03-10 20:50:42,751 - INFO - Updated baseline for column humidity with 100 values
2026-03-10 20:50:42,751 - INFO - Baseline updated for channel pressure with 100 new values
2026-03-10 20:50:42,752 - INFO - Updated baseline for column pressure with 100 values
2026-03-10 20:50:42,752 - INFO - Baseline updated for channel wind_speed with 100 new values
2026-03-10 20:50:42,752 - INFO - Updated baseline for column wind_speed with 100 values
2026-03-10 20:50:42,752 - INFO - Z-score calculation completed successfully
2026-03-10 20:50:42,753 - INFO - Z-score flags created for column temperature
2026-03-10 20:50:42,753 - INFO - Z-score calculation completed successfully
2026-03-10 20:50:42,754 - INFO - Z-score flags created for column humidity
2026-03-10 20:50:42,754 - INFO - Z-score calculation completed successfully
2026-03-10 20:50:42,755 - INFO - Z-score flags created for column pressure
2026-03-10 20:50:42,755 - INFO - Z-score calculation completed successfully
2026-03-10 20:50:42,756 - INFO - Z-score flags created for column wind_speed
2026-03-10 20:50:42,931 - INFO - Isolation Forest completed successfully
2026-03-10 20:50:42,933 - INFO - Isolation Forest fields added to result
2026-03-10 20:50:42,934 - INFO - Final anomaly flag created
2026-03-10 20:50:42,934 - INFO - Anomaly detection completed successfully
2026-03-10 20:50:42,966 - INFO - Processed CSV written to s3://anomaly-detection-dp1-537124947012-us-east-1-anomaly/processed/sensors_20260310T205041.csv
2026-03-10 20:50:42,992 - INFO - Baseline saved to s3://anomaly-detection-dp1-537124947012-us-east-1-anomaly/state/baseline.json
2026-03-10 20:50:42,992 - INFO - Baseline saved successfully
2026-03-10 20:50:43,021 - INFO - Summary JSON written to s3://anomaly-detection-dp1-537124947012-us-east-1-anomaly/processed/sensors_20260310T205041_summary.json
2026-03-10 20:50:43,021 - INFO - Processing finished for raw/sensors_20260310T205041.csv: 6/100 anomalies flagged
2026-03-10 20:51:42,946 - INFO - SNS message received
2026-03-10 20:51:42,946 - INFO - Queueing processing for s3://anomaly-detection-dp1-537124947012-us-east-1-anomaly/raw/sensors_20260310T205141.csv
2026-03-10 20:51:42,948 - INFO - Processing started for s3://anomaly-detection-dp1-537124947012-us-east-1-anomaly/raw/sensors_20260310T205141.csv
2026-03-10 20:51:43,017 - INFO - Loaded 100 rows from raw/sensors_20260310T205141.csv with columns ['timestamp', 'temperature', 'humidity', 'pressure', 'wind_speed']
2026-03-10 20:51:43,110 - INFO - Baseline loaded from s3://anomaly-detection-dp1-537124947012-us-east-1-anomaly/state/baseline.json
2026-03-10 20:51:43,110 - INFO - Baseline loaded successfully
2026-03-10 20:51:43,111 - INFO - Baseline updated for channel temperature with 100 new values
2026-03-10 20:51:43,111 - INFO - Updated baseline for column temperature with 100 values
2026-03-10 20:51:43,111 - INFO - Baseline updated for channel humidity with 100 new values
2026-03-10 20:51:43,111 - INFO - Updated baseline for column humidity with 100 values
2026-03-10 20:51:43,111 - INFO - Baseline updated for channel pressure with 100 new values
2026-03-10 20:51:43,111 - INFO - Updated baseline for column pressure with 100 values
2026-03-10 20:51:43,111 - INFO - Baseline updated for channel wind_speed with 100 new values
2026-03-10 20:51:43,111 - INFO - Updated baseline for column wind_speed with 100 values
2026-03-10 20:51:43,112 - INFO - Z-score calculation completed successfully
2026-03-10 20:51:43,113 - INFO - Z-score flags created for column temperature
2026-03-10 20:51:43,113 - INFO - Z-score calculation completed successfully
2026-03-10 20:51:43,114 - INFO - Z-score flags created for column humidity
2026-03-10 20:51:43,114 - INFO - Z-score calculation completed successfully
2026-03-10 20:51:43,114 - INFO - Z-score flags created for column pressure
2026-03-10 20:51:43,115 - INFO - Z-score calculation completed successfully
2026-03-10 20:51:43,115 - INFO - Z-score flags created for column wind_speed
2026-03-10 20:51:43,286 - INFO - Isolation Forest completed successfully
2026-03-10 20:51:43,287 - INFO - Isolation Forest fields added to result
2026-03-10 20:51:43,289 - INFO - Final anomaly flag created
2026-03-10 20:51:43,289 - INFO - Anomaly detection completed successfully
2026-03-10 20:51:43,318 - INFO - Processed CSV written to s3://anomaly-detection-dp1-537124947012-us-east-1-anomaly/processed/sensors_20260310T205141.csv
2026-03-10 20:51:43,345 - INFO - Baseline saved to s3://anomaly-detection-dp1-537124947012-us-east-1-anomaly/state/baseline.json
2026-03-10 20:51:43,346 - INFO - Baseline saved successfully
2026-03-10 20:51:43,379 - INFO - Summary JSON written to s3://anomaly-detection-dp1-537124947012-us-east-1-anomaly/processed/sensors_20260310T205141_summary.json
2026-03-10 20:51:43,379 - INFO - Processing finished for raw/sensors_20260310T205141.csv: 5/100 anomalies flagged
2026-03-10 20:52:43,348 - INFO - SNS message received
2026-03-10 20:52:43,348 - INFO - Queueing processing for s3://anomaly-detection-dp1-537124947012-us-east-1-anomaly/raw/sensors_20260310T205242.csv
2026-03-10 20:52:43,349 - INFO - Processing started for s3://anomaly-detection-dp1-537124947012-us-east-1-anomaly/raw/sensors_20260310T205242.csv
2026-03-10 20:52:43,434 - INFO - Loaded 100 rows from raw/sensors_20260310T205242.csv with columns ['timestamp', 'temperature', 'humidity', 'pressure', 'wind_speed']
2026-03-10 20:52:43,509 - INFO - Baseline loaded from s3://anomaly-detection-dp1-537124947012-us-east-1-anomaly/state/baseline.json
2026-03-10 20:52:43,509 - INFO - Baseline loaded successfully
2026-03-10 20:52:43,509 - INFO - Baseline updated for channel temperature with 100 new values
2026-03-10 20:52:43,509 - INFO - Updated baseline for column temperature with 100 values
2026-03-10 20:52:43,509 - INFO - Baseline updated for channel humidity with 100 new values
2026-03-10 20:52:43,509 - INFO - Updated baseline for column humidity with 100 values
2026-03-10 20:52:43,510 - INFO - Baseline updated for channel pressure with 100 new values
2026-03-10 20:52:43,510 - INFO - Updated baseline for column pressure with 100 values
2026-03-10 20:52:43,510 - INFO - Baseline updated for channel wind_speed with 100 new values
2026-03-10 20:52:43,510 - INFO - Updated baseline for column wind_speed with 100 values
2026-03-10 20:52:43,510 - INFO - Z-score calculation completed successfully
2026-03-10 20:52:43,511 - INFO - Z-score flags created for column temperature
2026-03-10 20:52:43,511 - INFO - Z-score calculation completed successfully
2026-03-10 20:52:43,512 - INFO - Z-score flags created for column humidity
2026-03-10 20:52:43,512 - INFO - Z-score calculation completed successfully
2026-03-10 20:52:43,513 - INFO - Z-score flags created for column pressure
2026-03-10 20:52:43,513 - INFO - Z-score calculation completed successfully
2026-03-10 20:52:43,513 - INFO - Z-score flags created for column wind_speed
2026-03-10 20:52:43,680 - INFO - Isolation Forest completed successfully
2026-03-10 20:52:43,681 - INFO - Isolation Forest fields added to result
2026-03-10 20:52:43,682 - INFO - Final anomaly flag created
2026-03-10 20:52:43,683 - INFO - Anomaly detection completed successfully
2026-03-10 20:52:43,716 - INFO - Processed CSV written to s3://anomaly-detection-dp1-537124947012-us-east-1-anomaly/processed/sensors_20260310T205242.csv
2026-03-10 20:52:43,745 - INFO - Baseline saved to s3://anomaly-detection-dp1-537124947012-us-east-1-anomaly/state/baseline.json
2026-03-10 20:52:43,746 - INFO - Baseline saved successfully
2026-03-10 20:52:43,779 - INFO - Summary JSON written to s3://anomaly-detection-dp1-537124947012-us-east-1-anomaly/processed/sensors_20260310T205242_summary.json
2026-03-10 20:52:43,779 - INFO - Processing finished for raw/sensors_20260310T205242.csv: 6/100 anomalies flagged
2026-03-10 20:53:43,810 - INFO - SNS message received
2026-03-10 20:53:43,810 - INFO - Queueing processing for s3://anomaly-detection-dp1-537124947012-us-east-1-anomaly/raw/sensors_20260310T205342.csv
2026-03-10 20:53:43,811 - INFO - Processing started for s3://anomaly-detection-dp1-537124947012-us-east-1-anomaly/raw/sensors_20260310T205342.csv
2026-03-10 20:53:43,884 - INFO - Loaded 100 rows from raw/sensors_20260310T205342.csv with columns ['timestamp', 'temperature', 'humidity', 'pressure', 'wind_speed']
2026-03-10 20:53:43,990 - INFO - Baseline loaded from s3://anomaly-detection-dp1-537124947012-us-east-1-anomaly/state/baseline.json
2026-03-10 20:53:43,990 - INFO - Baseline loaded successfully
2026-03-10 20:53:43,991 - INFO - Baseline updated for channel temperature with 100 new values
2026-03-10 20:53:43,991 - INFO - Updated baseline for column temperature with 100 values
2026-03-10 20:53:43,991 - INFO - Baseline updated for channel humidity with 100 new values
2026-03-10 20:53:43,991 - INFO - Updated baseline for column humidity with 100 values
2026-03-10 20:53:43,991 - INFO - Baseline updated for channel pressure with 100 new values
2026-03-10 20:53:43,991 - INFO - Updated baseline for column pressure with 100 values
2026-03-10 20:53:43,991 - INFO - Baseline updated for channel wind_speed with 100 new values
2026-03-10 20:53:43,991 - INFO - Updated baseline for column wind_speed with 100 values
2026-03-10 20:53:43,992 - INFO - Z-score calculation completed successfully
2026-03-10 20:53:43,993 - INFO - Z-score flags created for column temperature
2026-03-10 20:53:43,993 - INFO - Z-score calculation completed successfully
2026-03-10 20:53:43,994 - INFO - Z-score flags created for column humidity
2026-03-10 20:53:43,994 - INFO - Z-score calculation completed successfully
2026-03-10 20:53:43,994 - INFO - Z-score flags created for column pressure
2026-03-10 20:53:43,995 - INFO - Z-score calculation completed successfully
2026-03-10 20:53:43,995 - INFO - Z-score flags created for column wind_speed
2026-03-10 20:53:44,164 - INFO - Isolation Forest completed successfully
2026-03-10 20:53:44,165 - INFO - Isolation Forest fields added to result
2026-03-10 20:53:44,166 - INFO - Final anomaly flag created
2026-03-10 20:53:44,167 - INFO - Anomaly detection completed successfully
2026-03-10 20:53:44,200 - INFO - Processed CSV written to s3://anomaly-detection-dp1-537124947012-us-east-1-anomaly/processed/sensors_20260310T205342.csv
2026-03-10 20:53:44,228 - INFO - Baseline saved to s3://anomaly-detection-dp1-537124947012-us-east-1-anomaly/state/baseline.json
2026-03-10 20:53:44,228 - INFO - Baseline saved successfully
2026-03-10 20:53:44,256 - INFO - Summary JSON written to s3://anomaly-detection-dp1-537124947012-us-east-1-anomaly/processed/sensors_20260310T205342_summary.json
2026-03-10 20:53:44,256 - INFO - Processing finished for raw/sensors_20260310T205342.csv: 7/100 anomalies flagged
2026-03-10 20:54:43,639 - INFO - SNS message received
2026-03-10 20:54:43,639 - INFO - Queueing processing for s3://anomaly-detection-dp1-537124947012-us-east-1-anomaly/raw/sensors_20260310T205442.csv
2026-03-10 20:54:43,641 - INFO - Processing started for s3://anomaly-detection-dp1-537124947012-us-east-1-anomaly/raw/sensors_20260310T205442.csv
2026-03-10 20:54:43,717 - INFO - Loaded 100 rows from raw/sensors_20260310T205442.csv with columns ['timestamp', 'temperature', 'humidity', 'pressure', 'wind_speed']
2026-03-10 20:54:43,817 - INFO - Baseline loaded from s3://anomaly-detection-dp1-537124947012-us-east-1-anomaly/state/baseline.json
2026-03-10 20:54:43,817 - INFO - Baseline loaded successfully
2026-03-10 20:54:43,818 - INFO - Baseline updated for channel temperature with 100 new values
2026-03-10 20:54:43,818 - INFO - Updated baseline for column temperature with 100 values
2026-03-10 20:54:43,818 - INFO - Baseline updated for channel humidity with 100 new values
2026-03-10 20:54:43,818 - INFO - Updated baseline for column humidity with 100 values
2026-03-10 20:54:43,818 - INFO - Baseline updated for channel pressure with 100 new values
2026-03-10 20:54:43,818 - INFO - Updated baseline for column pressure with 100 values
2026-03-10 20:54:43,819 - INFO - Baseline updated for channel wind_speed with 100 new values
2026-03-10 20:54:43,819 - INFO - Updated baseline for column wind_speed with 100 values
2026-03-10 20:54:43,819 - INFO - Z-score calculation completed successfully
2026-03-10 20:54:43,820 - INFO - Z-score flags created for column temperature
2026-03-10 20:54:43,820 - INFO - Z-score calculation completed successfully
2026-03-10 20:54:43,821 - INFO - Z-score flags created for column humidity
2026-03-10 20:54:43,821 - INFO - Z-score calculation completed successfully
2026-03-10 20:54:43,821 - INFO - Z-score flags created for column pressure
2026-03-10 20:54:43,822 - INFO - Z-score calculation completed successfully
2026-03-10 20:54:43,822 - INFO - Z-score flags created for column wind_speed
2026-03-10 20:54:43,989 - INFO - Isolation Forest completed successfully
2026-03-10 20:54:43,991 - INFO - Isolation Forest fields added to result
2026-03-10 20:54:43,992 - INFO - Final anomaly flag created
2026-03-10 20:54:43,992 - INFO - Anomaly detection completed successfully
2026-03-10 20:54:44,025 - INFO - Processed CSV written to s3://anomaly-detection-dp1-537124947012-us-east-1-anomaly/processed/sensors_20260310T205442.csv
2026-03-10 20:54:44,068 - INFO - Baseline saved to s3://anomaly-detection-dp1-537124947012-us-east-1-anomaly/state/baseline.json
2026-03-10 20:54:44,068 - INFO - Baseline saved successfully
2026-03-10 20:54:44,099 - INFO - Summary JSON written to s3://anomaly-detection-dp1-537124947012-us-east-1-anomaly/processed/sensors_20260310T205442_summary.json
2026-03-10 20:54:44,099 - INFO - Processing finished for raw/sensors_20260310T205442.csv: 5/100 anomalies flagged
2026-03-10 20:55:44,037 - INFO - SNS message received
2026-03-10 20:55:44,037 - INFO - Queueing processing for s3://anomaly-detection-dp1-537124947012-us-east-1-anomaly/raw/sensors_20260310T205542.csv
2026-03-10 20:55:44,038 - INFO - Processing started for s3://anomaly-detection-dp1-537124947012-us-east-1-anomaly/raw/sensors_20260310T205542.csv
2026-03-10 20:55:44,116 - INFO - Loaded 100 rows from raw/sensors_20260310T205542.csv with columns ['timestamp', 'temperature', 'humidity', 'pressure', 'wind_speed']
2026-03-10 20:55:44,213 - INFO - Baseline loaded from s3://anomaly-detection-dp1-537124947012-us-east-1-anomaly/state/baseline.json
2026-03-10 20:55:44,213 - INFO - Baseline loaded successfully
2026-03-10 20:55:44,213 - INFO - Baseline updated for channel temperature with 100 new values
2026-03-10 20:55:44,213 - INFO - Updated baseline for column temperature with 100 values
2026-03-10 20:55:44,213 - INFO - Baseline updated for channel humidity with 100 new values
2026-03-10 20:55:44,213 - INFO - Updated baseline for column humidity with 100 values
2026-03-10 20:55:44,214 - INFO - Baseline updated for channel pressure with 100 new values
2026-03-10 20:55:44,214 - INFO - Updated baseline for column pressure with 100 values
2026-03-10 20:55:44,214 - INFO - Baseline updated for channel wind_speed with 100 new values
2026-03-10 20:55:44,214 - INFO - Updated baseline for column wind_speed with 100 values
2026-03-10 20:55:44,214 - INFO - Z-score calculation completed successfully
2026-03-10 20:55:44,215 - INFO - Z-score flags created for column temperature
2026-03-10 20:55:44,215 - INFO - Z-score calculation completed successfully
2026-03-10 20:55:44,216 - INFO - Z-score flags created for column humidity
2026-03-10 20:55:44,216 - INFO - Z-score calculation completed successfully
2026-03-10 20:55:44,217 - INFO - Z-score flags created for column pressure
2026-03-10 20:55:44,217 - INFO - Z-score calculation completed successfully
2026-03-10 20:55:44,218 - INFO - Z-score flags created for column wind_speed
2026-03-10 20:55:44,387 - INFO - Isolation Forest completed successfully
2026-03-10 20:55:44,389 - INFO - Isolation Forest fields added to result
2026-03-10 20:55:44,390 - INFO - Final anomaly flag created
2026-03-10 20:55:44,390 - INFO - Anomaly detection completed successfully
2026-03-10 20:55:44,422 - INFO - Processed CSV written to s3://anomaly-detection-dp1-537124947012-us-east-1-anomaly/processed/sensors_20260310T205542.csv
2026-03-10 20:55:44,453 - INFO - Baseline saved to s3://anomaly-detection-dp1-537124947012-us-east-1-anomaly/state/baseline.json
2026-03-10 20:55:44,453 - INFO - Baseline saved successfully
2026-03-10 20:55:44,482 - INFO - Summary JSON written to s3://anomaly-detection-dp1-537124947012-us-east-1-anomaly/processed/sensors_20260310T205542_summary.json
2026-03-10 20:55:44,482 - INFO - Processing finished for raw/sensors_20260310T205542.csv: 5/100 anomalies flagged
2026-03-10 20:56:43,762 - INFO - SNS message received
2026-03-10 20:56:43,762 - INFO - Queueing processing for s3://anomaly-detection-dp1-537124947012-us-east-1-anomaly/raw/sensors_20260310T205642.csv
2026-03-10 20:56:43,763 - INFO - Processing started for s3://anomaly-detection-dp1-537124947012-us-east-1-anomaly/raw/sensors_20260310T205642.csv
2026-03-10 20:56:43,838 - INFO - Loaded 100 rows from raw/sensors_20260310T205642.csv with columns ['timestamp', 'temperature', 'humidity', 'pressure', 'wind_speed']
2026-03-10 20:56:43,915 - INFO - Baseline loaded from s3://anomaly-detection-dp1-537124947012-us-east-1-anomaly/state/baseline.json
2026-03-10 20:56:43,915 - INFO - Baseline loaded successfully
2026-03-10 20:56:43,916 - INFO - Baseline updated for channel temperature with 100 new values
2026-03-10 20:56:43,916 - INFO - Updated baseline for column temperature with 100 values
2026-03-10 20:56:43,916 - INFO - Baseline updated for channel humidity with 100 new values
2026-03-10 20:56:43,916 - INFO - Updated baseline for column humidity with 100 values
2026-03-10 20:56:43,916 - INFO - Baseline updated for channel pressure with 100 new values
2026-03-10 20:56:43,916 - INFO - Updated baseline for column pressure with 100 values
2026-03-10 20:56:43,917 - INFO - Baseline updated for channel wind_speed with 100 new values
2026-03-10 20:56:43,917 - INFO - Updated baseline for column wind_speed with 100 values
2026-03-10 20:56:43,917 - INFO - Z-score calculation completed successfully
2026-03-10 20:56:43,918 - INFO - Z-score flags created for column temperature
2026-03-10 20:56:43,918 - INFO - Z-score calculation completed successfully
2026-03-10 20:56:43,919 - INFO - Z-score flags created for column humidity
2026-03-10 20:56:43,919 - INFO - Z-score calculation completed successfully
2026-03-10 20:56:43,919 - INFO - Z-score flags created for column pressure
2026-03-10 20:56:43,920 - INFO - Z-score calculation completed successfully
2026-03-10 20:56:43,920 - INFO - Z-score flags created for column wind_speed
2026-03-10 20:56:44,088 - INFO - Isolation Forest completed successfully
2026-03-10 20:56:44,089 - INFO - Isolation Forest fields added to result
2026-03-10 20:56:44,091 - INFO - Final anomaly flag created
2026-03-10 20:56:44,091 - INFO - Anomaly detection completed successfully
2026-03-10 20:56:44,126 - INFO - Processed CSV written to s3://anomaly-detection-dp1-537124947012-us-east-1-anomaly/processed/sensors_20260310T205642.csv
2026-03-10 20:56:44,197 - INFO - Baseline saved to s3://anomaly-detection-dp1-537124947012-us-east-1-anomaly/state/baseline.json
2026-03-10 20:56:44,197 - INFO - Baseline saved successfully
2026-03-10 20:56:44,228 - INFO - Summary JSON written to s3://anomaly-detection-dp1-537124947012-us-east-1-anomaly/processed/sensors_20260310T205642_summary.json
2026-03-10 20:56:44,228 - INFO - Processing finished for raw/sensors_20260310T205642.csv: 6/100 anomalies flagged
2026-03-10 20:57:44,162 - INFO - SNS message received
2026-03-10 20:57:44,162 - INFO - Queueing processing for s3://anomaly-detection-dp1-537124947012-us-east-1-anomaly/raw/sensors_20260310T205743.csv
2026-03-10 20:57:44,163 - INFO - Processing started for s3://anomaly-detection-dp1-537124947012-us-east-1-anomaly/raw/sensors_20260310T205743.csv
2026-03-10 20:57:44,236 - INFO - Loaded 100 rows from raw/sensors_20260310T205743.csv with columns ['timestamp', 'temperature', 'humidity', 'pressure', 'wind_speed']
2026-03-10 20:57:44,306 - INFO - Baseline loaded from s3://anomaly-detection-dp1-537124947012-us-east-1-anomaly/state/baseline.json
2026-03-10 20:57:44,306 - INFO - Baseline loaded successfully
2026-03-10 20:57:44,309 - INFO - Baseline updated for channel temperature with 100 new values
2026-03-10 20:57:44,309 - INFO - Updated baseline for column temperature with 100 values
2026-03-10 20:57:44,309 - INFO - Baseline updated for channel humidity with 100 new values
2026-03-10 20:57:44,309 - INFO - Updated baseline for column humidity with 100 values
2026-03-10 20:57:44,309 - INFO - Baseline updated for channel pressure with 100 new values
2026-03-10 20:57:44,309 - INFO - Updated baseline for column pressure with 100 values
2026-03-10 20:57:44,309 - INFO - Baseline updated for channel wind_speed with 100 new values
2026-03-10 20:57:44,309 - INFO - Updated baseline for column wind_speed with 100 values
2026-03-10 20:57:44,310 - INFO - Z-score calculation completed successfully
2026-03-10 20:57:44,311 - INFO - Z-score flags created for column temperature
2026-03-10 20:57:44,311 - INFO - Z-score calculation completed successfully
2026-03-10 20:57:44,311 - INFO - Z-score flags created for column humidity
2026-03-10 20:57:44,312 - INFO - Z-score calculation completed successfully
2026-03-10 20:57:44,312 - INFO - Z-score flags created for column pressure
2026-03-10 20:57:44,313 - INFO - Z-score calculation completed successfully
2026-03-10 20:57:44,313 - INFO - Z-score flags created for column wind_speed
2026-03-10 20:57:44,481 - INFO - Isolation Forest completed successfully
2026-03-10 20:57:44,482 - INFO - Isolation Forest fields added to result
2026-03-10 20:57:44,484 - INFO - Final anomaly flag created
2026-03-10 20:57:44,484 - INFO - Anomaly detection completed successfully
2026-03-10 20:57:44,513 - INFO - Processed CSV written to s3://anomaly-detection-dp1-537124947012-us-east-1-anomaly/processed/sensors_20260310T205743.csv
2026-03-10 20:57:44,540 - INFO - Baseline saved to s3://anomaly-detection-dp1-537124947012-us-east-1-anomaly/state/baseline.json
2026-03-10 20:57:44,540 - INFO - Baseline saved successfully
2026-03-10 20:57:44,568 - INFO - Summary JSON written to s3://anomaly-detection-dp1-537124947012-us-east-1-anomaly/processed/sensors_20260310T205743_summary.json
2026-03-10 20:57:44,569 - INFO - Processing finished for raw/sensors_20260310T205743.csv: 6/100 anomalies flagged
2026-03-10 20:58:44,600 - INFO - SNS message received
2026-03-10 20:58:44,600 - INFO - Queueing processing for s3://anomaly-detection-dp1-537124947012-us-east-1-anomaly/raw/sensors_20260310T205843.csv
2026-03-10 20:58:44,601 - INFO - Processing started for s3://anomaly-detection-dp1-537124947012-us-east-1-anomaly/raw/sensors_20260310T205843.csv
2026-03-10 20:58:44,677 - INFO - Loaded 100 rows from raw/sensors_20260310T205843.csv with columns ['timestamp', 'temperature', 'humidity', 'pressure', 'wind_speed']
2026-03-10 20:58:44,784 - INFO - Baseline loaded from s3://anomaly-detection-dp1-537124947012-us-east-1-anomaly/state/baseline.json
2026-03-10 20:58:44,784 - INFO - Baseline loaded successfully
2026-03-10 20:58:44,785 - INFO - Baseline updated for channel temperature with 100 new values
2026-03-10 20:58:44,785 - INFO - Updated baseline for column temperature with 100 values
2026-03-10 20:58:44,785 - INFO - Baseline updated for channel humidity with 100 new values
2026-03-10 20:58:44,785 - INFO - Updated baseline for column humidity with 100 values
2026-03-10 20:58:44,785 - INFO - Baseline updated for channel pressure with 100 new values
2026-03-10 20:58:44,785 - INFO - Updated baseline for column pressure with 100 values
2026-03-10 20:58:44,786 - INFO - Baseline updated for channel wind_speed with 100 new values
2026-03-10 20:58:44,786 - INFO - Updated baseline for column wind_speed with 100 values
2026-03-10 20:58:44,786 - INFO - Z-score calculation completed successfully
2026-03-10 20:58:44,787 - INFO - Z-score flags created for column temperature
2026-03-10 20:58:44,787 - INFO - Z-score calculation completed successfully
2026-03-10 20:58:44,788 - INFO - Z-score flags created for column humidity
2026-03-10 20:58:44,788 - INFO - Z-score calculation completed successfully
2026-03-10 20:58:44,789 - INFO - Z-score flags created for column pressure
2026-03-10 20:58:44,789 - INFO - Z-score calculation completed successfully
2026-03-10 20:58:44,789 - INFO - Z-score flags created for column wind_speed
2026-03-10 20:58:44,966 - INFO - Isolation Forest completed successfully
2026-03-10 20:58:44,968 - INFO - Isolation Forest fields added to result
2026-03-10 20:58:44,969 - INFO - Final anomaly flag created
2026-03-10 20:58:44,969 - INFO - Anomaly detection completed successfully
2026-03-10 20:58:45,003 - INFO - Processed CSV written to s3://anomaly-detection-dp1-537124947012-us-east-1-anomaly/processed/sensors_20260310T205843.csv
2026-03-10 20:58:45,061 - INFO - Baseline saved to s3://anomaly-detection-dp1-537124947012-us-east-1-anomaly/state/baseline.json
2026-03-10 20:58:45,061 - INFO - Baseline saved successfully
2026-03-10 20:58:45,089 - INFO - Summary JSON written to s3://anomaly-detection-dp1-537124947012-us-east-1-anomaly/processed/sensors_20260310T205843_summary.json
2026-03-10 20:58:45,089 - INFO - Processing finished for raw/sensors_20260310T205843.csv: 6/100 anomalies flagged
2026-03-10 20:59:44,216 - INFO - SNS message received
2026-03-10 20:59:44,216 - INFO - Queueing processing for s3://anomaly-detection-dp1-537124947012-us-east-1-anomaly/raw/sensors_20260310T205943.csv
2026-03-10 20:59:44,218 - INFO - Processing started for s3://anomaly-detection-dp1-537124947012-us-east-1-anomaly/raw/sensors_20260310T205943.csv
2026-03-10 20:59:44,289 - INFO - Loaded 100 rows from raw/sensors_20260310T205943.csv with columns ['timestamp', 'temperature', 'humidity', 'pressure', 'wind_speed']
2026-03-10 20:59:44,447 - INFO - Baseline loaded from s3://anomaly-detection-dp1-537124947012-us-east-1-anomaly/state/baseline.json
2026-03-10 20:59:44,447 - INFO - Baseline loaded successfully
2026-03-10 20:59:44,448 - INFO - Baseline updated for channel temperature with 100 new values
2026-03-10 20:59:44,448 - INFO - Updated baseline for column temperature with 100 values
2026-03-10 20:59:44,448 - INFO - Baseline updated for channel humidity with 100 new values
2026-03-10 20:59:44,448 - INFO - Updated baseline for column humidity with 100 values
2026-03-10 20:59:44,448 - INFO - Baseline updated for channel pressure with 100 new values
2026-03-10 20:59:44,448 - INFO - Updated baseline for column pressure with 100 values
2026-03-10 20:59:44,448 - INFO - Baseline updated for channel wind_speed with 100 new values
2026-03-10 20:59:44,449 - INFO - Updated baseline for column wind_speed with 100 values
2026-03-10 20:59:44,449 - INFO - Z-score calculation completed successfully
2026-03-10 20:59:44,450 - INFO - Z-score flags created for column temperature
2026-03-10 20:59:44,450 - INFO - Z-score calculation completed successfully
2026-03-10 20:59:44,450 - INFO - Z-score flags created for column humidity
2026-03-10 20:59:44,451 - INFO - Z-score calculation completed successfully
2026-03-10 20:59:44,451 - INFO - Z-score flags created for column pressure
2026-03-10 20:59:44,452 - INFO - Z-score calculation completed successfully
2026-03-10 20:59:44,452 - INFO - Z-score flags created for column wind_speed
2026-03-10 20:59:44,619 - INFO - Isolation Forest completed successfully
2026-03-10 20:59:44,620 - INFO - Isolation Forest fields added to result
2026-03-10 20:59:44,622 - INFO - Final anomaly flag created
2026-03-10 20:59:44,622 - INFO - Anomaly detection completed successfully
2026-03-10 20:59:44,653 - INFO - Processed CSV written to s3://anomaly-detection-dp1-537124947012-us-east-1-anomaly/processed/sensors_20260310T205943.csv
2026-03-10 20:59:44,691 - INFO - Baseline saved to s3://anomaly-detection-dp1-537124947012-us-east-1-anomaly/state/baseline.json
2026-03-10 20:59:44,691 - INFO - Baseline saved successfully
2026-03-10 20:59:44,718 - INFO - Summary JSON written to s3://anomaly-detection-dp1-537124947012-us-east-1-anomaly/processed/sensors_20260310T205943_summary.json
2026-03-10 20:59:44,718 - INFO - Processing finished for raw/sensors_20260310T205943.csv: 7/100 anomalies flagged
2026-03-10 21:00:44,797 - INFO - SNS message received
2026-03-10 21:00:44,797 - INFO - Queueing processing for s3://anomaly-detection-dp1-537124947012-us-east-1-anomaly/raw/sensors_20260310T210043.csv
2026-03-10 21:00:44,798 - INFO - Processing started for s3://anomaly-detection-dp1-537124947012-us-east-1-anomaly/raw/sensors_20260310T210043.csv
2026-03-10 21:00:44,880 - INFO - Loaded 100 rows from raw/sensors_20260310T210043.csv with columns ['timestamp', 'temperature', 'humidity', 'pressure', 'wind_speed']
2026-03-10 21:00:44,963 - INFO - Baseline loaded from s3://anomaly-detection-dp1-537124947012-us-east-1-anomaly/state/baseline.json
2026-03-10 21:00:44,963 - INFO - Baseline loaded successfully
2026-03-10 21:00:44,964 - INFO - Baseline updated for channel temperature with 100 new values
2026-03-10 21:00:44,964 - INFO - Updated baseline for column temperature with 100 values
2026-03-10 21:00:44,964 - INFO - Baseline updated for channel humidity with 100 new values
2026-03-10 21:00:44,964 - INFO - Updated baseline for column humidity with 100 values
2026-03-10 21:00:44,964 - INFO - Baseline updated for channel pressure with 100 new values
2026-03-10 21:00:44,964 - INFO - Updated baseline for column pressure with 100 values
2026-03-10 21:00:44,965 - INFO - Baseline updated for channel wind_speed with 100 new values
2026-03-10 21:00:44,965 - INFO - Updated baseline for column wind_speed with 100 values
2026-03-10 21:00:44,965 - INFO - Z-score calculation completed successfully
2026-03-10 21:00:44,966 - INFO - Z-score flags created for column temperature
2026-03-10 21:00:44,966 - INFO - Z-score calculation completed successfully
2026-03-10 21:00:44,967 - INFO - Z-score flags created for column humidity
2026-03-10 21:00:44,967 - INFO - Z-score calculation completed successfully
2026-03-10 21:00:44,968 - INFO - Z-score flags created for column pressure
2026-03-10 21:00:44,968 - INFO - Z-score calculation completed successfully
2026-03-10 21:00:44,968 - INFO - Z-score flags created for column wind_speed
2026-03-10 21:00:45,138 - INFO - Isolation Forest completed successfully
2026-03-10 21:00:45,139 - INFO - Isolation Forest fields added to result
2026-03-10 21:00:45,140 - INFO - Final anomaly flag created
2026-03-10 21:00:45,140 - INFO - Anomaly detection completed successfully
2026-03-10 21:00:45,192 - INFO - Processed CSV written to s3://anomaly-detection-dp1-537124947012-us-east-1-anomaly/processed/sensors_20260310T210043.csv
2026-03-10 21:00:45,218 - INFO - Baseline saved to s3://anomaly-detection-dp1-537124947012-us-east-1-anomaly/state/baseline.json
2026-03-10 21:00:45,218 - INFO - Baseline saved successfully
2026-03-10 21:00:45,267 - INFO - Summary JSON written to s3://anomaly-detection-dp1-537124947012-us-east-1-anomaly/processed/sensors_20260310T210043_summary.json
2026-03-10 21:00:45,267 - INFO - Processing finished for raw/sensors_20260310T210043.csv: 5/100 anomalies flagged
2026-03-10 21:01:45,308 - INFO - SNS message received
2026-03-10 21:01:45,308 - INFO - Queueing processing for s3://anomaly-detection-dp1-537124947012-us-east-1-anomaly/raw/sensors_20260310T210144.csv
2026-03-10 21:01:45,309 - INFO - Processing started for s3://anomaly-detection-dp1-537124947012-us-east-1-anomaly/raw/sensors_20260310T210144.csv
2026-03-10 21:01:45,388 - INFO - Loaded 100 rows from raw/sensors_20260310T210144.csv with columns ['timestamp', 'temperature', 'humidity', 'pressure', 'wind_speed']
2026-03-10 21:01:45,611 - INFO - Baseline loaded from s3://anomaly-detection-dp1-537124947012-us-east-1-anomaly/state/baseline.json
2026-03-10 21:01:45,612 - INFO - Baseline loaded successfully
2026-03-10 21:01:45,613 - INFO - Baseline updated for channel temperature with 100 new values
2026-03-10 21:01:45,613 - INFO - Updated baseline for column temperature with 100 values
2026-03-10 21:01:45,613 - INFO - Baseline updated for channel humidity with 100 new values
2026-03-10 21:01:45,613 - INFO - Updated baseline for column humidity with 100 values
2026-03-10 21:01:45,614 - INFO - Baseline updated for channel pressure with 100 new values
2026-03-10 21:01:45,614 - INFO - Updated baseline for column pressure with 100 values
2026-03-10 21:01:45,614 - INFO - Baseline updated for channel wind_speed with 100 new values
2026-03-10 21:01:45,614 - INFO - Updated baseline for column wind_speed with 100 values
2026-03-10 21:01:45,615 - INFO - Z-score calculation completed successfully
2026-03-10 21:01:45,615 - INFO - Z-score flags created for column temperature
2026-03-10 21:01:45,615 - INFO - Z-score calculation completed successfully
2026-03-10 21:01:45,616 - INFO - Z-score flags created for column humidity
2026-03-10 21:01:45,616 - INFO - Z-score calculation completed successfully
2026-03-10 21:01:45,617 - INFO - Z-score flags created for column pressure
2026-03-10 21:01:45,617 - INFO - Z-score calculation completed successfully
2026-03-10 21:01:45,618 - INFO - Z-score flags created for column wind_speed
2026-03-10 21:01:45,787 - INFO - Isolation Forest completed successfully
2026-03-10 21:01:45,788 - INFO - Isolation Forest fields added to result
2026-03-10 21:01:45,790 - INFO - Final anomaly flag created
2026-03-10 21:01:45,790 - INFO - Anomaly detection completed successfully
2026-03-10 21:01:45,826 - INFO - Processed CSV written to s3://anomaly-detection-dp1-537124947012-us-east-1-anomaly/processed/sensors_20260310T210144.csv
2026-03-10 21:01:45,864 - INFO - Baseline saved to s3://anomaly-detection-dp1-537124947012-us-east-1-anomaly/state/baseline.json
2026-03-10 21:01:45,864 - INFO - Baseline saved successfully
2026-03-10 21:01:45,893 - INFO - Summary JSON written to s3://anomaly-detection-dp1-537124947012-us-east-1-anomaly/processed/sensors_20260310T210144_summary.json
2026-03-10 21:01:45,893 - INFO - Processing finished for raw/sensors_20260310T210144.csv: 6/100 anomalies flagged
2026-03-10 21:02:44,895 - INFO - SNS message received
2026-03-10 21:02:44,895 - INFO - Queueing processing for s3://anomaly-detection-dp1-537124947012-us-east-1-anomaly/raw/sensors_20260310T210244.csv
2026-03-10 21:02:44,897 - INFO - Processing started for s3://anomaly-detection-dp1-537124947012-us-east-1-anomaly/raw/sensors_20260310T210244.csv
2026-03-10 21:02:44,972 - INFO - Loaded 100 rows from raw/sensors_20260310T210244.csv with columns ['timestamp', 'temperature', 'humidity', 'pressure', 'wind_speed']
2026-03-10 21:02:45,049 - INFO - Baseline loaded from s3://anomaly-detection-dp1-537124947012-us-east-1-anomaly/state/baseline.json
2026-03-10 21:02:45,050 - INFO - Baseline loaded successfully
2026-03-10 21:02:45,050 - INFO - Baseline updated for channel temperature with 100 new values
2026-03-10 21:02:45,050 - INFO - Updated baseline for column temperature with 100 values
2026-03-10 21:02:45,050 - INFO - Baseline updated for channel humidity with 100 new values
2026-03-10 21:02:45,050 - INFO - Updated baseline for column humidity with 100 values
2026-03-10 21:02:45,051 - INFO - Baseline updated for channel pressure with 100 new values
2026-03-10 21:02:45,051 - INFO - Updated baseline for column pressure with 100 values
2026-03-10 21:02:45,051 - INFO - Baseline updated for channel wind_speed with 100 new values
2026-03-10 21:02:45,051 - INFO - Updated baseline for column wind_speed with 100 values
2026-03-10 21:02:45,051 - INFO - Z-score calculation completed successfully
2026-03-10 21:02:45,052 - INFO - Z-score flags created for column temperature
2026-03-10 21:02:45,052 - INFO - Z-score calculation completed successfully
2026-03-10 21:02:45,053 - INFO - Z-score flags created for column humidity
2026-03-10 21:02:45,053 - INFO - Z-score calculation completed successfully
2026-03-10 21:02:45,054 - INFO - Z-score flags created for column pressure
2026-03-10 21:02:45,054 - INFO - Z-score calculation completed successfully
2026-03-10 21:02:45,055 - INFO - Z-score flags created for column wind_speed
2026-03-10 21:02:45,223 - INFO - Isolation Forest completed successfully
2026-03-10 21:02:45,224 - INFO - Isolation Forest fields added to result
2026-03-10 21:02:45,226 - INFO - Final anomaly flag created
2026-03-10 21:02:45,226 - INFO - Anomaly detection completed successfully
2026-03-10 21:02:45,259 - INFO - Processed CSV written to s3://anomaly-detection-dp1-537124947012-us-east-1-anomaly/processed/sensors_20260310T210244.csv
2026-03-10 21:02:45,290 - INFO - Baseline saved to s3://anomaly-detection-dp1-537124947012-us-east-1-anomaly/state/baseline.json
2026-03-10 21:02:45,290 - INFO - Baseline saved successfully
2026-03-10 21:02:45,324 - INFO - Summary JSON written to s3://anomaly-detection-dp1-537124947012-us-east-1-anomaly/processed/sensors_20260310T210244_summary.json
2026-03-10 21:02:45,324 - INFO - Processing finished for raw/sensors_20260310T210244.csv: 6/100 anomalies flagged
2026-03-10 21:03:45,298 - INFO - SNS message received
2026-03-10 21:03:45,298 - INFO - Queueing processing for s3://anomaly-detection-dp1-537124947012-us-east-1-anomaly/raw/sensors_20260310T210344.csv
2026-03-10 21:03:45,299 - INFO - Processing started for s3://anomaly-detection-dp1-537124947012-us-east-1-anomaly/raw/sensors_20260310T210344.csv
2026-03-10 21:03:45,377 - INFO - Loaded 100 rows from raw/sensors_20260310T210344.csv with columns ['timestamp', 'temperature', 'humidity', 'pressure', 'wind_speed']
2026-03-10 21:03:45,446 - INFO - Baseline loaded from s3://anomaly-detection-dp1-537124947012-us-east-1-anomaly/state/baseline.json
2026-03-10 21:03:45,446 - INFO - Baseline loaded successfully
2026-03-10 21:03:45,447 - INFO - Baseline updated for channel temperature with 100 new values
2026-03-10 21:03:45,447 - INFO - Updated baseline for column temperature with 100 values
2026-03-10 21:03:45,447 - INFO - Baseline updated for channel humidity with 100 new values
2026-03-10 21:03:45,447 - INFO - Updated baseline for column humidity with 100 values
2026-03-10 21:03:45,447 - INFO - Baseline updated for channel pressure with 100 new values
2026-03-10 21:03:45,447 - INFO - Updated baseline for column pressure with 100 values
2026-03-10 21:03:45,448 - INFO - Baseline updated for channel wind_speed with 100 new values
2026-03-10 21:03:45,448 - INFO - Updated baseline for column wind_speed with 100 values
2026-03-10 21:03:45,448 - INFO - Z-score calculation completed successfully
2026-03-10 21:03:45,449 - INFO - Z-score flags created for column temperature
2026-03-10 21:03:45,449 - INFO - Z-score calculation completed successfully
2026-03-10 21:03:45,450 - INFO - Z-score flags created for column humidity
2026-03-10 21:03:45,450 - INFO - Z-score calculation completed successfully
2026-03-10 21:03:45,450 - INFO - Z-score flags created for column pressure
2026-03-10 21:03:45,451 - INFO - Z-score calculation completed successfully
2026-03-10 21:03:45,451 - INFO - Z-score flags created for column wind_speed
2026-03-10 21:03:45,619 - INFO - Isolation Forest completed successfully
2026-03-10 21:03:45,620 - INFO - Isolation Forest fields added to result
2026-03-10 21:03:45,622 - INFO - Final anomaly flag created
2026-03-10 21:03:45,622 - INFO - Anomaly detection completed successfully
2026-03-10 21:03:45,657 - INFO - Processed CSV written to s3://anomaly-detection-dp1-537124947012-us-east-1-anomaly/processed/sensors_20260310T210344.csv
2026-03-10 21:03:45,722 - INFO - Baseline saved to s3://anomaly-detection-dp1-537124947012-us-east-1-anomaly/state/baseline.json
2026-03-10 21:03:45,722 - INFO - Baseline saved successfully
2026-03-10 21:03:45,755 - INFO - Summary JSON written to s3://anomaly-detection-dp1-537124947012-us-east-1-anomaly/processed/sensors_20260310T210344_summary.json
2026-03-10 21:03:45,755 - INFO - Processing finished for raw/sensors_20260310T210344.csv: 5/100 anomalies flagged
2026-03-10 21:04:45,649 - INFO - SNS message received
2026-03-10 21:04:45,649 - INFO - Queueing processing for s3://anomaly-detection-dp1-537124947012-us-east-1-anomaly/raw/sensors_20260310T210444.csv
2026-03-10 21:04:45,651 - INFO - Processing started for s3://anomaly-detection-dp1-537124947012-us-east-1-anomaly/raw/sensors_20260310T210444.csv
2026-03-10 21:04:45,728 - INFO - Loaded 100 rows from raw/sensors_20260310T210444.csv with columns ['timestamp', 'temperature', 'humidity', 'pressure', 'wind_speed']
2026-03-10 21:04:45,799 - INFO - Baseline loaded from s3://anomaly-detection-dp1-537124947012-us-east-1-anomaly/state/baseline.json
2026-03-10 21:04:45,799 - INFO - Baseline loaded successfully
2026-03-10 21:04:45,800 - INFO - Baseline updated for channel temperature with 100 new values
2026-03-10 21:04:45,800 - INFO - Updated baseline for column temperature with 100 values
2026-03-10 21:04:45,800 - INFO - Baseline updated for channel humidity with 100 new values
2026-03-10 21:04:45,800 - INFO - Updated baseline for column humidity with 100 values
2026-03-10 21:04:45,800 - INFO - Baseline updated for channel pressure with 100 new values
2026-03-10 21:04:45,800 - INFO - Updated baseline for column pressure with 100 values
2026-03-10 21:04:45,801 - INFO - Baseline updated for channel wind_speed with 100 new values
2026-03-10 21:04:45,801 - INFO - Updated baseline for column wind_speed with 100 values
2026-03-10 21:04:45,801 - INFO - Z-score calculation completed successfully
2026-03-10 21:04:45,802 - INFO - Z-score flags created for column temperature
2026-03-10 21:04:45,802 - INFO - Z-score calculation completed successfully
2026-03-10 21:04:45,802 - INFO - Z-score flags created for column humidity
2026-03-10 21:04:45,803 - INFO - Z-score calculation completed successfully
2026-03-10 21:04:45,803 - INFO - Z-score flags created for column pressure
2026-03-10 21:04:45,804 - INFO - Z-score calculation completed successfully
2026-03-10 21:04:45,804 - INFO - Z-score flags created for column wind_speed
2026-03-10 21:04:45,974 - INFO - Isolation Forest completed successfully
2026-03-10 21:04:45,975 - INFO - Isolation Forest fields added to result
2026-03-10 21:04:45,976 - INFO - Final anomaly flag created
2026-03-10 21:04:45,976 - INFO - Anomaly detection completed successfully
2026-03-10 21:04:46,009 - INFO - Processed CSV written to s3://anomaly-detection-dp1-537124947012-us-east-1-anomaly/processed/sensors_20260310T210444.csv
2026-03-10 21:04:46,038 - INFO - Baseline saved to s3://anomaly-detection-dp1-537124947012-us-east-1-anomaly/state/baseline.json
2026-03-10 21:04:46,038 - INFO - Baseline saved successfully
2026-03-10 21:04:46,066 - INFO - Summary JSON written to s3://anomaly-detection-dp1-537124947012-us-east-1-anomaly/processed/sensors_20260310T210444_summary.json
2026-03-10 21:04:46,066 - INFO - Processing finished for raw/sensors_20260310T210444.csv: 6/100 anomalies flagged
2026-03-10 21:05:46,199 - INFO - SNS message received
2026-03-10 21:05:46,199 - INFO - Queueing processing for s3://anomaly-detection-dp1-537124947012-us-east-1-anomaly/raw/sensors_20260310T210544.csv
2026-03-10 21:05:46,200 - INFO - Processing started for s3://anomaly-detection-dp1-537124947012-us-east-1-anomaly/raw/sensors_20260310T210544.csv
2026-03-10 21:05:46,283 - INFO - Loaded 100 rows from raw/sensors_20260310T210544.csv with columns ['timestamp', 'temperature', 'humidity', 'pressure', 'wind_speed']
2026-03-10 21:05:46,367 - INFO - Baseline loaded from s3://anomaly-detection-dp1-537124947012-us-east-1-anomaly/state/baseline.json
2026-03-10 21:05:46,367 - INFO - Baseline loaded successfully
2026-03-10 21:05:46,368 - INFO - Baseline updated for channel temperature with 100 new values
2026-03-10 21:05:46,368 - INFO - Updated baseline for column temperature with 100 values
2026-03-10 21:05:46,368 - INFO - Baseline updated for channel humidity with 100 new values
2026-03-10 21:05:46,368 - INFO - Updated baseline for column humidity with 100 values
2026-03-10 21:05:46,368 - INFO - Baseline updated for channel pressure with 100 new values
2026-03-10 21:05:46,368 - INFO - Updated baseline for column pressure with 100 values
2026-03-10 21:05:46,369 - INFO - Baseline updated for channel wind_speed with 100 new values
2026-03-10 21:05:46,369 - INFO - Updated baseline for column wind_speed with 100 values
2026-03-10 21:05:46,369 - INFO - Z-score calculation completed successfully
2026-03-10 21:05:46,370 - INFO - Z-score flags created for column temperature
2026-03-10 21:05:46,370 - INFO - Z-score calculation completed successfully
2026-03-10 21:05:46,371 - INFO - Z-score flags created for column humidity
2026-03-10 21:05:46,371 - INFO - Z-score calculation completed successfully
2026-03-10 21:05:46,371 - INFO - Z-score flags created for column pressure
2026-03-10 21:05:46,372 - INFO - Z-score calculation completed successfully
2026-03-10 21:05:46,372 - INFO - Z-score flags created for column wind_speed
2026-03-10 21:05:46,539 - INFO - Isolation Forest completed successfully
2026-03-10 21:05:46,540 - INFO - Isolation Forest fields added to result
2026-03-10 21:05:46,542 - INFO - Final anomaly flag created
2026-03-10 21:05:46,542 - INFO - Anomaly detection completed successfully
2026-03-10 21:05:46,581 - INFO - Processed CSV written to s3://anomaly-detection-dp1-537124947012-us-east-1-anomaly/processed/sensors_20260310T210544.csv
2026-03-10 21:05:46,613 - INFO - Baseline saved to s3://anomaly-detection-dp1-537124947012-us-east-1-anomaly/state/baseline.json
2026-03-10 21:05:46,613 - INFO - Baseline saved successfully
2026-03-10 21:05:46,638 - INFO - Summary JSON written to s3://anomaly-detection-dp1-537124947012-us-east-1-anomaly/processed/sensors_20260310T210544_summary.json
2026-03-10 21:05:46,638 - INFO - Processing finished for raw/sensors_20260310T210544.csv: 5/100 anomalies flagged
2026-03-10 21:06:45,749 - INFO - SNS message received
2026-03-10 21:06:45,749 - INFO - Queueing processing for s3://anomaly-detection-dp1-537124947012-us-east-1-anomaly/raw/sensors_20260310T210645.csv
2026-03-10 21:06:45,750 - INFO - Processing started for s3://anomaly-detection-dp1-537124947012-us-east-1-anomaly/raw/sensors_20260310T210645.csv
2026-03-10 21:06:45,847 - INFO - Loaded 100 rows from raw/sensors_20260310T210645.csv with columns ['timestamp', 'temperature', 'humidity', 'pressure', 'wind_speed']
2026-03-10 21:06:45,931 - INFO - Baseline loaded from s3://anomaly-detection-dp1-537124947012-us-east-1-anomaly/state/baseline.json
2026-03-10 21:06:45,931 - INFO - Baseline loaded successfully
2026-03-10 21:06:45,932 - INFO - Baseline updated for channel temperature with 100 new values
2026-03-10 21:06:45,932 - INFO - Updated baseline for column temperature with 100 values
2026-03-10 21:06:45,932 - INFO - Baseline updated for channel humidity with 100 new values
2026-03-10 21:06:45,932 - INFO - Updated baseline for column humidity with 100 values
2026-03-10 21:06:45,932 - INFO - Baseline updated for channel pressure with 100 new values
2026-03-10 21:06:45,932 - INFO - Updated baseline for column pressure with 100 values
2026-03-10 21:06:45,933 - INFO - Baseline updated for channel wind_speed with 100 new values
2026-03-10 21:06:45,933 - INFO - Updated baseline for column wind_speed with 100 values
2026-03-10 21:06:45,933 - INFO - Z-score calculation completed successfully
2026-03-10 21:06:45,934 - INFO - Z-score flags created for column temperature
2026-03-10 21:06:45,934 - INFO - Z-score calculation completed successfully
2026-03-10 21:06:45,934 - INFO - Z-score flags created for column humidity
2026-03-10 21:06:45,935 - INFO - Z-score calculation completed successfully
2026-03-10 21:06:45,935 - INFO - Z-score flags created for column pressure
2026-03-10 21:06:45,936 - INFO - Z-score calculation completed successfully
2026-03-10 21:06:45,936 - INFO - Z-score flags created for column wind_speed
2026-03-10 21:06:46,103 - INFO - Isolation Forest completed successfully
2026-03-10 21:06:46,104 - INFO - Isolation Forest fields added to result
2026-03-10 21:06:46,106 - INFO - Final anomaly flag created
2026-03-10 21:06:46,106 - INFO - Anomaly detection completed successfully
2026-03-10 21:06:46,148 - INFO - Processed CSV written to s3://anomaly-detection-dp1-537124947012-us-east-1-anomaly/processed/sensors_20260310T210645.csv
2026-03-10 21:06:46,175 - INFO - Baseline saved to s3://anomaly-detection-dp1-537124947012-us-east-1-anomaly/state/baseline.json
2026-03-10 21:06:46,175 - INFO - Baseline saved successfully
2026-03-10 21:06:46,212 - INFO - Summary JSON written to s3://anomaly-detection-dp1-537124947012-us-east-1-anomaly/processed/sensors_20260310T210645_summary.json
2026-03-10 21:06:46,212 - INFO - Processing finished for raw/sensors_20260310T210645.csv: 6/100 anomalies flagged
2026-03-10 21:07:46,396 - INFO - SNS message received
2026-03-10 21:07:46,396 - INFO - Queueing processing for s3://anomaly-detection-dp1-537124947012-us-east-1-anomaly/raw/sensors_20260310T210745.csv
2026-03-10 21:07:46,398 - INFO - Processing started for s3://anomaly-detection-dp1-537124947012-us-east-1-anomaly/raw/sensors_20260310T210745.csv
2026-03-10 21:07:46,472 - INFO - Loaded 100 rows from raw/sensors_20260310T210745.csv with columns ['timestamp', 'temperature', 'humidity', 'pressure', 'wind_speed']
2026-03-10 21:07:46,576 - INFO - Baseline loaded from s3://anomaly-detection-dp1-537124947012-us-east-1-anomaly/state/baseline.json
2026-03-10 21:07:46,576 - INFO - Baseline loaded successfully
2026-03-10 21:07:46,577 - INFO - Baseline updated for channel temperature with 100 new values
2026-03-10 21:07:46,577 - INFO - Updated baseline for column temperature with 100 values
2026-03-10 21:07:46,577 - INFO - Baseline updated for channel humidity with 100 new values
2026-03-10 21:07:46,577 - INFO - Updated baseline for column humidity with 100 values
2026-03-10 21:07:46,577 - INFO - Baseline updated for channel pressure with 100 new values
2026-03-10 21:07:46,577 - INFO - Updated baseline for column pressure with 100 values
2026-03-10 21:07:46,578 - INFO - Baseline updated for channel wind_speed with 100 new values
2026-03-10 21:07:46,578 - INFO - Updated baseline for column wind_speed with 100 values
2026-03-10 21:07:46,578 - INFO - Z-score calculation completed successfully
2026-03-10 21:07:46,579 - INFO - Z-score flags created for column temperature
2026-03-10 21:07:46,579 - INFO - Z-score calculation completed successfully
2026-03-10 21:07:46,580 - INFO - Z-score flags created for column humidity
2026-03-10 21:07:46,580 - INFO - Z-score calculation completed successfully
2026-03-10 21:07:46,581 - INFO - Z-score flags created for column pressure
2026-03-10 21:07:46,581 - INFO - Z-score calculation completed successfully
2026-03-10 21:07:46,581 - INFO - Z-score flags created for column wind_speed
2026-03-10 21:07:46,747 - INFO - Isolation Forest completed successfully
2026-03-10 21:07:46,748 - INFO - Isolation Forest fields added to result
2026-03-10 21:07:46,750 - INFO - Final anomaly flag created
2026-03-10 21:07:46,750 - INFO - Anomaly detection completed successfully
2026-03-10 21:07:46,781 - INFO - Processed CSV written to s3://anomaly-detection-dp1-537124947012-us-east-1-anomaly/processed/sensors_20260310T210745.csv
2026-03-10 21:07:46,816 - INFO - Baseline saved to s3://anomaly-detection-dp1-537124947012-us-east-1-anomaly/state/baseline.json
2026-03-10 21:07:46,816 - INFO - Baseline saved successfully
2026-03-10 21:07:46,842 - INFO - Summary JSON written to s3://anomaly-detection-dp1-537124947012-us-east-1-anomaly/processed/sensors_20260310T210745_summary.json
2026-03-10 21:07:46,842 - INFO - Processing finished for raw/sensors_20260310T210745.csv: 6/100 anomalies flagged
2026-03-10 21:08:46,784 - INFO - SNS message received
2026-03-10 21:08:46,784 - INFO - Queueing processing for s3://anomaly-detection-dp1-537124947012-us-east-1-anomaly/raw/sensors_20260310T210845.csv
2026-03-10 21:08:46,785 - INFO - Processing started for s3://anomaly-detection-dp1-537124947012-us-east-1-anomaly/raw/sensors_20260310T210845.csv
2026-03-10 21:08:46,858 - INFO - Loaded 100 rows from raw/sensors_20260310T210845.csv with columns ['timestamp', 'temperature', 'humidity', 'pressure', 'wind_speed']
2026-03-10 21:08:46,956 - INFO - Baseline loaded from s3://anomaly-detection-dp1-537124947012-us-east-1-anomaly/state/baseline.json
2026-03-10 21:08:46,956 - INFO - Baseline loaded successfully
2026-03-10 21:08:46,956 - INFO - Baseline updated for channel temperature with 100 new values
2026-03-10 21:08:46,956 - INFO - Updated baseline for column temperature with 100 values
2026-03-10 21:08:46,957 - INFO - Baseline updated for channel humidity with 100 new values
2026-03-10 21:08:46,957 - INFO - Updated baseline for column humidity with 100 values
2026-03-10 21:08:46,957 - INFO - Baseline updated for channel pressure with 100 new values
2026-03-10 21:08:46,957 - INFO - Updated baseline for column pressure with 100 values
2026-03-10 21:08:46,957 - INFO - Baseline updated for channel wind_speed with 100 new values
2026-03-10 21:08:46,957 - INFO - Updated baseline for column wind_speed with 100 values
2026-03-10 21:08:46,958 - INFO - Z-score calculation completed successfully
2026-03-10 21:08:46,958 - INFO - Z-score flags created for column temperature
2026-03-10 21:08:46,959 - INFO - Z-score calculation completed successfully
2026-03-10 21:08:46,959 - INFO - Z-score flags created for column humidity
2026-03-10 21:08:46,959 - INFO - Z-score calculation completed successfully
2026-03-10 21:08:46,960 - INFO - Z-score flags created for column pressure
2026-03-10 21:08:46,960 - INFO - Z-score calculation completed successfully
2026-03-10 21:08:46,961 - INFO - Z-score flags created for column wind_speed
2026-03-10 21:08:47,129 - INFO - Isolation Forest completed successfully
2026-03-10 21:08:47,130 - INFO - Isolation Forest fields added to result
2026-03-10 21:08:47,132 - INFO - Final anomaly flag created
2026-03-10 21:08:47,132 - INFO - Anomaly detection completed successfully
2026-03-10 21:08:47,163 - INFO - Processed CSV written to s3://anomaly-detection-dp1-537124947012-us-east-1-anomaly/processed/sensors_20260310T210845.csv
2026-03-10 21:08:47,189 - INFO - Baseline saved to s3://anomaly-detection-dp1-537124947012-us-east-1-anomaly/state/baseline.json
2026-03-10 21:08:47,190 - INFO - Baseline saved successfully
2026-03-10 21:08:47,216 - INFO - Summary JSON written to s3://anomaly-detection-dp1-537124947012-us-east-1-anomaly/processed/sensors_20260310T210845_summary.json
2026-03-10 21:08:47,216 - INFO - Processing finished for raw/sensors_20260310T210845.csv: 5/100 anomalies flagged
2026-03-10 21:09:46,426 - INFO - SNS message received
2026-03-10 21:09:46,426 - INFO - Queueing processing for s3://anomaly-detection-dp1-537124947012-us-east-1-anomaly/raw/sensors_20260310T210945.csv
2026-03-10 21:09:46,427 - INFO - Processing started for s3://anomaly-detection-dp1-537124947012-us-east-1-anomaly/raw/sensors_20260310T210945.csv
2026-03-10 21:09:46,499 - INFO - Loaded 100 rows from raw/sensors_20260310T210945.csv with columns ['timestamp', 'temperature', 'humidity', 'pressure', 'wind_speed']
2026-03-10 21:09:46,589 - INFO - Baseline loaded from s3://anomaly-detection-dp1-537124947012-us-east-1-anomaly/state/baseline.json
2026-03-10 21:09:46,589 - INFO - Baseline loaded successfully
2026-03-10 21:09:46,589 - INFO - Baseline updated for channel temperature with 100 new values
2026-03-10 21:09:46,589 - INFO - Updated baseline for column temperature with 100 values
2026-03-10 21:09:46,589 - INFO - Baseline updated for channel humidity with 100 new values
2026-03-10 21:09:46,590 - INFO - Updated baseline for column humidity with 100 values
2026-03-10 21:09:46,590 - INFO - Baseline updated for channel pressure with 100 new values
2026-03-10 21:09:46,590 - INFO - Updated baseline for column pressure with 100 values
2026-03-10 21:09:46,590 - INFO - Baseline updated for channel wind_speed with 100 new values
2026-03-10 21:09:46,590 - INFO - Updated baseline for column wind_speed with 100 values
2026-03-10 21:09:46,590 - INFO - Z-score calculation completed successfully
2026-03-10 21:09:46,591 - INFO - Z-score flags created for column temperature
2026-03-10 21:09:46,591 - INFO - Z-score calculation completed successfully
2026-03-10 21:09:46,592 - INFO - Z-score flags created for column humidity
2026-03-10 21:09:46,592 - INFO - Z-score calculation completed successfully
2026-03-10 21:09:46,593 - INFO - Z-score flags created for column pressure
2026-03-10 21:09:46,593 - INFO - Z-score calculation completed successfully
2026-03-10 21:09:46,594 - INFO - Z-score flags created for column wind_speed
2026-03-10 21:09:46,762 - INFO - Isolation Forest completed successfully
2026-03-10 21:09:46,763 - INFO - Isolation Forest fields added to result
2026-03-10 21:09:46,765 - INFO - Final anomaly flag created
2026-03-10 21:09:46,765 - INFO - Anomaly detection completed successfully
2026-03-10 21:09:46,800 - INFO - Processed CSV written to s3://anomaly-detection-dp1-537124947012-us-east-1-anomaly/processed/sensors_20260310T210945.csv
2026-03-10 21:09:46,831 - INFO - Baseline saved to s3://anomaly-detection-dp1-537124947012-us-east-1-anomaly/state/baseline.json
2026-03-10 21:09:46,831 - INFO - Baseline saved successfully
2026-03-10 21:09:46,859 - INFO - Summary JSON written to s3://anomaly-detection-dp1-537124947012-us-east-1-anomaly/processed/sensors_20260310T210945_summary.json
2026-03-10 21:09:46,859 - INFO - Processing finished for raw/sensors_20260310T210945.csv: 5/100 anomalies flagged
2026-03-10 21:10:46,845 - INFO - SNS message received
2026-03-10 21:10:46,845 - INFO - Queueing processing for s3://anomaly-detection-dp1-537124947012-us-east-1-anomaly/raw/sensors_20260310T211045.csv
2026-03-10 21:10:46,846 - INFO - Processing started for s3://anomaly-detection-dp1-537124947012-us-east-1-anomaly/raw/sensors_20260310T211045.csv
2026-03-10 21:10:46,928 - INFO - Loaded 100 rows from raw/sensors_20260310T211045.csv with columns ['timestamp', 'temperature', 'humidity', 'pressure', 'wind_speed']
2026-03-10 21:10:47,009 - INFO - Baseline loaded from s3://anomaly-detection-dp1-537124947012-us-east-1-anomaly/state/baseline.json
2026-03-10 21:10:47,010 - INFO - Baseline loaded successfully
2026-03-10 21:10:47,010 - INFO - Baseline updated for channel temperature with 100 new values
2026-03-10 21:10:47,010 - INFO - Updated baseline for column temperature with 100 values
2026-03-10 21:10:47,010 - INFO - Baseline updated for channel humidity with 100 new values
2026-03-10 21:10:47,010 - INFO - Updated baseline for column humidity with 100 values
2026-03-10 21:10:47,011 - INFO - Baseline updated for channel pressure with 100 new values
2026-03-10 21:10:47,011 - INFO - Updated baseline for column pressure with 100 values
2026-03-10 21:10:47,011 - INFO - Baseline updated for channel wind_speed with 100 new values
2026-03-10 21:10:47,011 - INFO - Updated baseline for column wind_speed with 100 values
2026-03-10 21:10:47,011 - INFO - Z-score calculation completed successfully
2026-03-10 21:10:47,012 - INFO - Z-score flags created for column temperature
2026-03-10 21:10:47,012 - INFO - Z-score calculation completed successfully
2026-03-10 21:10:47,013 - INFO - Z-score flags created for column humidity
2026-03-10 21:10:47,013 - INFO - Z-score calculation completed successfully
2026-03-10 21:10:47,014 - INFO - Z-score flags created for column pressure
2026-03-10 21:10:47,014 - INFO - Z-score calculation completed successfully
2026-03-10 21:10:47,015 - INFO - Z-score flags created for column wind_speed
2026-03-10 21:10:47,185 - INFO - Isolation Forest completed successfully
2026-03-10 21:10:47,186 - INFO - Isolation Forest fields added to result
2026-03-10 21:10:47,188 - INFO - Final anomaly flag created
2026-03-10 21:10:47,188 - INFO - Anomaly detection completed successfully
2026-03-10 21:10:47,237 - INFO - Processed CSV written to s3://anomaly-detection-dp1-537124947012-us-east-1-anomaly/processed/sensors_20260310T211045.csv
2026-03-10 21:10:47,281 - INFO - Baseline saved to s3://anomaly-detection-dp1-537124947012-us-east-1-anomaly/state/baseline.json
2026-03-10 21:10:47,281 - INFO - Baseline saved successfully
2026-03-10 21:10:47,313 - INFO - Summary JSON written to s3://anomaly-detection-dp1-537124947012-us-east-1-anomaly/processed/sensors_20260310T211045_summary.json
2026-03-10 21:10:47,313 - INFO - Processing finished for raw/sensors_20260310T211045.csv: 5/100 anomalies flagged
2026-03-10 21:11:47,532 - INFO - SNS message received
2026-03-10 21:11:47,533 - INFO - Queueing processing for s3://anomaly-detection-dp1-537124947012-us-east-1-anomaly/raw/sensors_20260310T211146.csv
2026-03-10 21:11:47,534 - INFO - Processing started for s3://anomaly-detection-dp1-537124947012-us-east-1-anomaly/raw/sensors_20260310T211146.csv
2026-03-10 21:11:47,628 - INFO - Loaded 100 rows from raw/sensors_20260310T211146.csv with columns ['timestamp', 'temperature', 'humidity', 'pressure', 'wind_speed']
2026-03-10 21:11:47,698 - INFO - Baseline loaded from s3://anomaly-detection-dp1-537124947012-us-east-1-anomaly/state/baseline.json
2026-03-10 21:11:47,698 - INFO - Baseline loaded successfully
2026-03-10 21:11:47,698 - INFO - Baseline updated for channel temperature with 100 new values
2026-03-10 21:11:47,698 - INFO - Updated baseline for column temperature with 100 values
2026-03-10 21:11:47,699 - INFO - Baseline updated for channel humidity with 100 new values
2026-03-10 21:11:47,699 - INFO - Updated baseline for column humidity with 100 values
2026-03-10 21:11:47,699 - INFO - Baseline updated for channel pressure with 100 new values
2026-03-10 21:11:47,699 - INFO - Updated baseline for column pressure with 100 values
2026-03-10 21:11:47,699 - INFO - Baseline updated for channel wind_speed with 100 new values
2026-03-10 21:11:47,699 - INFO - Updated baseline for column wind_speed with 100 values
2026-03-10 21:11:47,700 - INFO - Z-score calculation completed successfully
2026-03-10 21:11:47,700 - INFO - Z-score flags created for column temperature
2026-03-10 21:11:47,701 - INFO - Z-score calculation completed successfully
2026-03-10 21:11:47,701 - INFO - Z-score flags created for column humidity
2026-03-10 21:11:47,701 - INFO - Z-score calculation completed successfully
2026-03-10 21:11:47,702 - INFO - Z-score flags created for column pressure
2026-03-10 21:11:47,702 - INFO - Z-score calculation completed successfully
2026-03-10 21:11:47,703 - INFO - Z-score flags created for column wind_speed
2026-03-10 21:11:47,870 - INFO - Isolation Forest completed successfully
2026-03-10 21:11:47,871 - INFO - Isolation Forest fields added to result
2026-03-10 21:11:47,873 - INFO - Final anomaly flag created
2026-03-10 21:11:47,873 - INFO - Anomaly detection completed successfully
2026-03-10 21:11:47,913 - INFO - Processed CSV written to s3://anomaly-detection-dp1-537124947012-us-east-1-anomaly/processed/sensors_20260310T211146.csv
2026-03-10 21:11:47,945 - INFO - Baseline saved to s3://anomaly-detection-dp1-537124947012-us-east-1-anomaly/state/baseline.json
2026-03-10 21:11:47,945 - INFO - Baseline saved successfully
2026-03-10 21:11:47,986 - INFO - Summary JSON written to s3://anomaly-detection-dp1-537124947012-us-east-1-anomaly/processed/sensors_20260310T211146_summary.json
2026-03-10 21:11:47,986 - INFO - Processing finished for raw/sensors_20260310T211146.csv: 5/100 anomalies flagged
2026-03-10 21:12:47,155 - INFO - SNS message received
2026-03-10 21:12:47,156 - INFO - Queueing processing for s3://anomaly-detection-dp1-537124947012-us-east-1-anomaly/raw/sensors_20260310T211246.csv
2026-03-10 21:12:47,157 - INFO - Processing started for s3://anomaly-detection-dp1-537124947012-us-east-1-anomaly/raw/sensors_20260310T211246.csv
2026-03-10 21:12:47,232 - INFO - Loaded 100 rows from raw/sensors_20260310T211246.csv with columns ['timestamp', 'temperature', 'humidity', 'pressure', 'wind_speed']
2026-03-10 21:12:47,302 - INFO - Baseline loaded from s3://anomaly-detection-dp1-537124947012-us-east-1-anomaly/state/baseline.json
2026-03-10 21:12:47,302 - INFO - Baseline loaded successfully
2026-03-10 21:12:47,303 - INFO - Baseline updated for channel temperature with 100 new values
2026-03-10 21:12:47,303 - INFO - Updated baseline for column temperature with 100 values
2026-03-10 21:12:47,303 - INFO - Baseline updated for channel humidity with 100 new values
2026-03-10 21:12:47,303 - INFO - Updated baseline for column humidity with 100 values
2026-03-10 21:12:47,303 - INFO - Baseline updated for channel pressure with 100 new values
2026-03-10 21:12:47,303 - INFO - Updated baseline for column pressure with 100 values
2026-03-10 21:12:47,303 - INFO - Baseline updated for channel wind_speed with 100 new values
2026-03-10 21:12:47,303 - INFO - Updated baseline for column wind_speed with 100 values
2026-03-10 21:12:47,304 - INFO - Z-score calculation completed successfully
2026-03-10 21:12:47,305 - INFO - Z-score flags created for column temperature
2026-03-10 21:12:47,305 - INFO - Z-score calculation completed successfully
2026-03-10 21:12:47,305 - INFO - Z-score flags created for column humidity
2026-03-10 21:12:47,306 - INFO - Z-score calculation completed successfully
2026-03-10 21:12:47,306 - INFO - Z-score flags created for column pressure
2026-03-10 21:12:47,306 - INFO - Z-score calculation completed successfully
2026-03-10 21:12:47,307 - INFO - Z-score flags created for column wind_speed
2026-03-10 21:12:47,474 - INFO - Isolation Forest completed successfully
2026-03-10 21:12:47,475 - INFO - Isolation Forest fields added to result
2026-03-10 21:12:47,477 - INFO - Final anomaly flag created
2026-03-10 21:12:47,477 - INFO - Anomaly detection completed successfully
2026-03-10 21:12:47,509 - INFO - Processed CSV written to s3://anomaly-detection-dp1-537124947012-us-east-1-anomaly/processed/sensors_20260310T211246.csv
2026-03-10 21:12:47,538 - INFO - Baseline saved to s3://anomaly-detection-dp1-537124947012-us-east-1-anomaly/state/baseline.json
2026-03-10 21:12:47,538 - INFO - Baseline saved successfully
2026-03-10 21:12:47,568 - INFO - Summary JSON written to s3://anomaly-detection-dp1-537124947012-us-east-1-anomaly/processed/sensors_20260310T211246_summary.json
2026-03-10 21:12:47,568 - INFO - Processing finished for raw/sensors_20260310T211246.csv: 6/100 anomalies flagged
2026-03-10 21:14:16,541 - INFO - SNS message received
2026-03-10 21:14:16,541 - INFO - Queueing processing for s3://anomaly-detection-dp1-537124947012-us-east-1-anomaly/raw/sensors_20260310T211415.csv
2026-03-10 21:14:16,542 - INFO - Processing started for s3://anomaly-detection-dp1-537124947012-us-east-1-anomaly/raw/sensors_20260310T211415.csv
2026-03-10 21:14:16,617 - INFO - Loaded 100 rows from raw/sensors_20260310T211415.csv with columns ['timestamp', 'temperature', 'humidity', 'pressure', 'wind_speed']
2026-03-10 21:14:16,718 - INFO - Baseline loaded from s3://anomaly-detection-dp1-537124947012-us-east-1-anomaly/state/baseline.json
2026-03-10 21:14:16,718 - INFO - Baseline loaded successfully
2026-03-10 21:14:16,719 - INFO - Baseline updated for channel temperature with 100 new values
2026-03-10 21:14:16,719 - INFO - Updated baseline for column temperature with 100 values
2026-03-10 21:14:16,719 - INFO - Baseline updated for channel humidity with 100 new values
2026-03-10 21:14:16,719 - INFO - Updated baseline for column humidity with 100 values
2026-03-10 21:14:16,719 - INFO - Baseline updated for channel pressure with 100 new values
2026-03-10 21:14:16,719 - INFO - Updated baseline for column pressure with 100 values
2026-03-10 21:14:16,719 - INFO - Baseline updated for channel wind_speed with 100 new values
2026-03-10 21:14:16,719 - INFO - Updated baseline for column wind_speed with 100 values
2026-03-10 21:14:16,720 - INFO - Z-score calculation completed successfully
2026-03-10 21:14:16,721 - INFO - Z-score flags created for column temperature
2026-03-10 21:14:16,721 - INFO - Z-score calculation completed successfully
2026-03-10 21:14:16,721 - INFO - Z-score flags created for column humidity
2026-03-10 21:14:16,722 - INFO - Z-score calculation completed successfully
2026-03-10 21:14:16,722 - INFO - Z-score flags created for column pressure
2026-03-10 21:14:16,723 - INFO - Z-score calculation completed successfully
2026-03-10 21:14:16,723 - INFO - Z-score flags created for column wind_speed
2026-03-10 21:14:16,893 - INFO - Isolation Forest completed successfully
2026-03-10 21:14:16,894 - INFO - Isolation Forest fields added to result
2026-03-10 21:14:16,895 - INFO - Final anomaly flag created
2026-03-10 21:14:16,896 - INFO - Anomaly detection completed successfully
2026-03-10 21:14:16,926 - INFO - Processed CSV written to s3://anomaly-detection-dp1-537124947012-us-east-1-anomaly/processed/sensors_20260310T211415.csv
2026-03-10 21:14:16,957 - INFO - Baseline saved to s3://anomaly-detection-dp1-537124947012-us-east-1-anomaly/state/baseline.json
2026-03-10 21:14:16,958 - INFO - Baseline saved successfully
2026-03-10 21:14:16,981 - INFO - Summary JSON written to s3://anomaly-detection-dp1-537124947012-us-east-1-anomaly/processed/sensors_20260310T211415_summary.json
2026-03-10 21:14:16,981 - INFO - Processing finished for raw/sensors_20260310T211415.csv: 6/100 anomalies flagged
2026-03-10 21:16:08,949 - INFO - SNS message received
2026-03-10 21:16:08,949 - INFO - Queueing processing for s3://anomaly-detection-dp1-537124947012-us-east-1-anomaly/raw/sensors_20260310T211607.csv
2026-03-10 21:16:08,950 - INFO - Processing started for s3://anomaly-detection-dp1-537124947012-us-east-1-anomaly/raw/sensors_20260310T211607.csv
2026-03-10 21:16:09,020 - INFO - Loaded 100 rows from raw/sensors_20260310T211607.csv with columns ['timestamp', 'temperature', 'humidity', 'pressure', 'wind_speed']
2026-03-10 21:16:09,123 - INFO - Baseline loaded from s3://anomaly-detection-dp1-537124947012-us-east-1-anomaly/state/baseline.json
2026-03-10 21:16:09,124 - INFO - Baseline loaded successfully
2026-03-10 21:16:09,124 - INFO - Baseline updated for channel temperature with 100 new values
2026-03-10 21:16:09,124 - INFO - Updated baseline for column temperature with 100 values
2026-03-10 21:16:09,124 - INFO - Baseline updated for channel humidity with 100 new values
2026-03-10 21:16:09,124 - INFO - Updated baseline for column humidity with 100 values
2026-03-10 21:16:09,125 - INFO - Baseline updated for channel pressure with 100 new values
2026-03-10 21:16:09,125 - INFO - Updated baseline for column pressure with 100 values
2026-03-10 21:16:09,125 - INFO - Baseline updated for channel wind_speed with 100 new values
2026-03-10 21:16:09,125 - INFO - Updated baseline for column wind_speed with 100 values
2026-03-10 21:16:09,125 - INFO - Z-score calculation completed successfully
2026-03-10 21:16:09,126 - INFO - Z-score flags created for column temperature
2026-03-10 21:16:09,126 - INFO - Z-score calculation completed successfully
2026-03-10 21:16:09,127 - INFO - Z-score flags created for column humidity
2026-03-10 21:16:09,127 - INFO - Z-score calculation completed successfully
2026-03-10 21:16:09,128 - INFO - Z-score flags created for column pressure
2026-03-10 21:16:09,128 - INFO - Z-score calculation completed successfully
2026-03-10 21:16:09,128 - INFO - Z-score flags created for column wind_speed
2026-03-10 21:16:09,294 - INFO - Isolation Forest completed successfully
2026-03-10 21:16:09,295 - INFO - Isolation Forest fields added to result
2026-03-10 21:16:09,296 - INFO - Final anomaly flag created
2026-03-10 21:16:09,297 - INFO - Anomaly detection completed successfully
2026-03-10 21:16:09,327 - INFO - Processed CSV written to s3://anomaly-detection-dp1-537124947012-us-east-1-anomaly/processed/sensors_20260310T211607.csv
2026-03-10 21:16:09,358 - INFO - Baseline saved to s3://anomaly-detection-dp1-537124947012-us-east-1-anomaly/state/baseline.json
2026-03-10 21:16:09,358 - INFO - Baseline saved successfully
2026-03-10 21:16:09,384 - INFO - Summary JSON written to s3://anomaly-detection-dp1-537124947012-us-east-1-anomaly/processed/sensors_20260310T211607_summary.json
2026-03-10 21:16:09,384 - INFO - Processing finished for raw/sensors_20260310T211607.csv: 5/100 anomalies flagged
2026-03-10 21:17:10,374 - INFO - SNS message received
2026-03-10 21:17:10,374 - INFO - Queueing processing for s3://anomaly-detection-dp1-537124947012-us-east-1-anomaly/raw/sensors_20260310T211709.csv
2026-03-10 21:17:10,375 - INFO - Processing started for s3://anomaly-detection-dp1-537124947012-us-east-1-anomaly/raw/sensors_20260310T211709.csv
2026-03-10 21:17:10,484 - INFO - Loaded 100 rows from raw/sensors_20260310T211709.csv with columns ['timestamp', 'temperature', 'humidity', 'pressure', 'wind_speed']
2026-03-10 21:17:10,560 - INFO - Baseline loaded from s3://anomaly-detection-dp1-537124947012-us-east-1-anomaly/state/baseline.json
2026-03-10 21:17:10,560 - INFO - Baseline loaded successfully
2026-03-10 21:17:10,561 - INFO - Baseline updated for channel temperature with 100 new values
2026-03-10 21:17:10,561 - INFO - Updated baseline for column temperature with 100 values
2026-03-10 21:17:10,561 - INFO - Baseline updated for channel humidity with 100 new values
2026-03-10 21:17:10,561 - INFO - Updated baseline for column humidity with 100 values
2026-03-10 21:17:10,561 - INFO - Baseline updated for channel pressure with 100 new values
2026-03-10 21:17:10,561 - INFO - Updated baseline for column pressure with 100 values
2026-03-10 21:17:10,562 - INFO - Baseline updated for channel wind_speed with 100 new values
2026-03-10 21:17:10,562 - INFO - Updated baseline for column wind_speed with 100 values
2026-03-10 21:17:10,562 - INFO - Z-score calculation completed successfully
2026-03-10 21:17:10,563 - INFO - Z-score flags created for column temperature
2026-03-10 21:17:10,563 - INFO - Z-score calculation completed successfully
2026-03-10 21:17:10,564 - INFO - Z-score flags created for column humidity
2026-03-10 21:17:10,564 - INFO - Z-score calculation completed successfully
2026-03-10 21:17:10,564 - INFO - Z-score flags created for column pressure
2026-03-10 21:17:10,565 - INFO - Z-score calculation completed successfully
2026-03-10 21:17:10,565 - INFO - Z-score flags created for column wind_speed
2026-03-10 21:17:10,735 - INFO - Isolation Forest completed successfully
2026-03-10 21:17:10,736 - INFO - Isolation Forest fields added to result
2026-03-10 21:17:10,738 - INFO - Final anomaly flag created
2026-03-10 21:17:10,738 - INFO - Anomaly detection completed successfully
2026-03-10 21:17:10,777 - INFO - Processed CSV written to s3://anomaly-detection-dp1-537124947012-us-east-1-anomaly/processed/sensors_20260310T211709.csv
2026-03-10 21:17:10,808 - INFO - Baseline saved to s3://anomaly-detection-dp1-537124947012-us-east-1-anomaly/state/baseline.json
2026-03-10 21:17:10,808 - INFO - Baseline saved successfully
2026-03-10 21:17:10,846 - INFO - Summary JSON written to s3://anomaly-detection-dp1-537124947012-us-east-1-anomaly/processed/sensors_20260310T211709_summary.json
2026-03-10 21:17:10,847 - INFO - Processing finished for raw/sensors_20260310T211709.csv: 5/100 anomalies flagged
2026-03-10 21:18:10,751 - INFO - SNS message received
2026-03-10 21:18:10,751 - INFO - Queueing processing for s3://anomaly-detection-dp1-537124947012-us-east-1-anomaly/raw/sensors_20260310T211809.csv
2026-03-10 21:18:10,752 - INFO - Processing started for s3://anomaly-detection-dp1-537124947012-us-east-1-anomaly/raw/sensors_20260310T211809.csv
2026-03-10 21:18:10,828 - INFO - Loaded 100 rows from raw/sensors_20260310T211809.csv with columns ['timestamp', 'temperature', 'humidity', 'pressure', 'wind_speed']
2026-03-10 21:18:10,893 - INFO - Baseline loaded from s3://anomaly-detection-dp1-537124947012-us-east-1-anomaly/state/baseline.json
2026-03-10 21:18:10,893 - INFO - Baseline loaded successfully
2026-03-10 21:18:10,893 - INFO - Baseline updated for channel temperature with 100 new values
2026-03-10 21:18:10,893 - INFO - Updated baseline for column temperature with 100 values
2026-03-10 21:18:10,893 - INFO - Baseline updated for channel humidity with 100 new values
2026-03-10 21:18:10,894 - INFO - Updated baseline for column humidity with 100 values
2026-03-10 21:18:10,894 - INFO - Baseline updated for channel pressure with 100 new values
2026-03-10 21:18:10,894 - INFO - Updated baseline for column pressure with 100 values
2026-03-10 21:18:10,894 - INFO - Baseline updated for channel wind_speed with 100 new values
2026-03-10 21:18:10,894 - INFO - Updated baseline for column wind_speed with 100 values
2026-03-10 21:18:10,895 - INFO - Z-score calculation completed successfully
2026-03-10 21:18:10,895 - INFO - Z-score flags created for column temperature
2026-03-10 21:18:10,895 - INFO - Z-score calculation completed successfully
2026-03-10 21:18:10,896 - INFO - Z-score flags created for column humidity
2026-03-10 21:18:10,896 - INFO - Z-score calculation completed successfully
2026-03-10 21:18:10,897 - INFO - Z-score flags created for column pressure
2026-03-10 21:18:10,897 - INFO - Z-score calculation completed successfully
2026-03-10 21:18:10,898 - INFO - Z-score flags created for column wind_speed
2026-03-10 21:18:11,065 - INFO - Isolation Forest completed successfully
2026-03-10 21:18:11,067 - INFO - Isolation Forest fields added to result
2026-03-10 21:18:11,068 - INFO - Final anomaly flag created
2026-03-10 21:18:11,068 - INFO - Anomaly detection completed successfully
2026-03-10 21:18:11,100 - INFO - Processed CSV written to s3://anomaly-detection-dp1-537124947012-us-east-1-anomaly/processed/sensors_20260310T211809.csv
2026-03-10 21:18:11,126 - INFO - Baseline saved to s3://anomaly-detection-dp1-537124947012-us-east-1-anomaly/state/baseline.json
2026-03-10 21:18:11,126 - INFO - Baseline saved successfully
2026-03-10 21:18:11,153 - INFO - Summary JSON written to s3://anomaly-detection-dp1-537124947012-us-east-1-anomaly/processed/sensors_20260310T211809_summary.json
2026-03-10 21:18:11,153 - INFO - Processing finished for raw/sensors_20260310T211809.csv: 5/100 anomalies flagged
